name,category,image_url
Computers 0,computers,https://res.cloudinary.com/dblkjtndz/image/upload/v1753687532/ecommerce/computers/h3zvlqaxanwtpsyjhhex.jpg
Computers 1,computers,https://res.cloudinary.com/dblkjtndz/image/upload/v1753687534/ecommerce/computers/vtvpgjuw5xnmwn9xucxr.jpg
Computers 10,computers,https://res.cloudinary.com/dblkjtndz/image/upload/v1753687536/ecommerce/computers/uemq8ebsysnmylaxtmkg.jpg
Computers 11,computers,https://res.cloudinary.com/dblkjtndz/image/upload/v1753687538/ecommerce/computers/kmgz2t6faxgzhxcbk1bl.jpg
Computers 12,computers,https://res.cloudinary.com/dblkjtndz/image/upload/v1753687539/ecommerce/computers/wwxx1xvzk8ppwifvmkr4.jpg
Computers 13,computers,https://res.cloudinary.com/dblkjtndz/image/upload/v1753687541/ecommerce/computers/y69g4h86ymgz4bsgoduy.jpg
Computers 14,computers,https://res.cloudinary.com/dblkjtndz/image/upload/v1753687543/ecommerce/computers/q1xqa1gd8jjbhsgfccom.jpg
Computers 15,computers,https://res.cloudinary.com/dblkjtndz/image/upload/v1753687545/ecommerce/computers/vbyvlagafpxhvidvqoec.jpg
Computers 16,computers,https://res.cloudinary.com/dblkjtndz/image/upload/v1753687547/ecommerce/computers/wodj40ylvebjvygyiknj.jpg
Computers 17,computers,https://res.cloudinary.com/dblkjtndz/image/upload/v1753687549/ecommerce/computers/qbx1ohnh4aanw6k7df35.jpg
Computers 18,computers,https://res.cloudinary.com/dblkjtndz/image/upload/v1753687551/ecommerce/computers/pgb6vrkywrtntqhfqemb.jpg
Computers 19,computers,https://res.cloudinary.com/dblkjtndz/image/upload/v1753687553/ecommerce/computers/otczdhq146867ygzrdef.jpg
Computers 2,computers,https://res.cloudinary.com/dblkjtndz/image/upload/v1753687555/ecommerce/computers/voey4aym9vtid7bqp9r4.jpg
Computers 20,computers,https://res.cloudinary.com/dblkjtndz/image/upload/v1753687557/ecommerce/computers/exvygiak1sbp1oekme13.jpg
Computers 21,computers,https://res.cloudinary.com/dblkjtndz/image/upload/v1753687558/ecommerce/computers/bti3k8c88ckd2pdlxxfe.jpg
Computers 22,computers,https://res.cloudinary.com/dblkjtndz/image/upload/v1753687560/ecommerce/computers/doztpmcuytj3sjzd4ks7.jpg
Computers 23,computers,https://res.cloudinary.com/dblkjtndz/image/upload/v1753687562/ecommerce/computers/l5kppjx0e3vxrs6wlexc.jpg
Computers 24,computers,https://res.cloudinary.com/dblkjtndz/image/upload/v1753687564/ecommerce/computers/ptuga6vtyxlhaiqlyfpl.jpg
Computers 25,computers,https://res.cloudinary.com/dblkjtndz/image/upload/v1753687566/ecommerce/computers/jhbpanemic3rrszgyovk.jpg
Computers 26,computers,https://res.cloudinary.com/dblkjtndz/image/upload/v1753687567/ecommerce/computers/twue1g0yrxnohdv9x0pi.jpg
Computers 27,computers,https://res.cloudinary.com/dblkjtndz/image/upload/v1753687569/ecommerce/computers/icjgsg1wmms0itiuby0j.jpg
Computers 28,computers,https://res.cloudinary.com/dblkjtndz/image/upload/v1753687571/ecommerce/computers/iejesic4nn42oiozbtmb.jpg
Computers 29,computers,https://res.cloudinary.com/dblkjtndz/image/upload/v1753687573/ecommerce/computers/djwinfrpjzdual31ku0d.jpg
Computers 3,computers,https://res.cloudinary.com/dblkjtndz/image/upload/v1753687575/ecommerce/computers/nqbig330dtxrvyxjclfn.jpg
Computers 30,computers,https://res.cloudinary.com/dblkjtndz/image/upload/v1753687576/ecommerce/computers/pweusqidu0q193v7jkcy.jpg
Computers 31,computers,https://res.cloudinary.com/dblkjtndz/image/upload/v1753687578/ecommerce/computers/ehidkr5u4nnjjrwzl3hh.jpg
Computers 32,computers,https://res.cloudinary.com/dblkjtndz/image/upload/v1753687580/ecommerce/computers/ynmey4ofsuxu8fkl2mjz.jpg
Computers 33,computers,https://res.cloudinary.com/dblkjtndz/image/upload/v1753687582/ecommerce/computers/huxygaqzakvkh3b3tklb.jpg
Computers 34,computers,https://res.cloudinary.com/dblkjtndz/image/upload/v1753687584/ecommerce/computers/traml9vuwtew37ezrtzv.jpg
Computers 35,computers,https://res.cloudinary.com/dblkjtndz/image/upload/v1753687585/ecommerce/computers/yk83p9azuklrqjy0vrrg.jpg
Computers 36,computers,https://res.cloudinary.com/dblkjtndz/image/upload/v1753687587/ecommerce/computers/bxyzt3bsltlpgcd1ffkb.jpg
Computers 37,computers,https://res.cloudinary.com/dblkjtndz/image/upload/v1753687589/ecommerce/computers/nlbf1jloggc2h1s2apbx.jpg
Computers 38,computers,https://res.cloudinary.com/dblkjtndz/image/upload/v1753687591/ecommerce/computers/oh06mysrt9ou58h4fhia.jpg
Computers 39,computers,https://res.cloudinary.com/dblkjtndz/image/upload/v1753687592/ecommerce/computers/fu51zx3edcdrsbqitodf.jpg
Computers 4,computers,https://res.cloudinary.com/dblkjtndz/image/upload/v1753687595/ecommerce/computers/amptkls7vmolp8pxdqmz.jpg
Computers 40,computers,https://res.cloudinary.com/dblkjtndz/image/upload/v1753687596/ecommerce/computers/lxgwv4ed5re8igowt8jx.jpg
Computers 41,computers,https://res.cloudinary.com/dblkjtndz/image/upload/v1753687599/ecommerce/computers/rk6ninhonv6qh3t0dlpv.jpg
Computers 42,computers,https://res.cloudinary.com/dblkjtndz/image/upload/v1753687601/ecommerce/computers/y1n8doej7bt1zyimw9kv.jpg
Computers 43,computers,https://res.cloudinary.com/dblkjtndz/image/upload/v1753687603/ecommerce/computers/t2stmg8p2t5ex2t1urmv.jpg
Computers 44,computers,https://res.cloudinary.com/dblkjtndz/image/upload/v1753687605/ecommerce/computers/ry8ncjn9bbocf2mip0kf.jpg
Computers 45,computers,https://res.cloudinary.com/dblkjtndz/image/upload/v1753687607/ecommerce/computers/leud08frtxjtcnexlyph.jpg
Computers 46,computers,https://res.cloudinary.com/dblkjtndz/image/upload/v1753687608/ecommerce/computers/edc3ucdnuylrxrqsrm27.jpg
Computers 47,computers,https://res.cloudinary.com/dblkjtndz/image/upload/v1753687610/ecommerce/computers/wyjejr600nj8m0awehle.jpg
Computers 48,computers,https://res.cloudinary.com/dblkjtndz/image/upload/v1753687612/ecommerce/computers/xfrcf2tjx3zrywkvopne.jpg
Computers 49,computers,https://res.cloudinary.com/dblkjtndz/image/upload/v1753687614/ecommerce/computers/aksrcvucm4u3ymahseju.jpg
Computers 5,computers,https://res.cloudinary.com/dblkjtndz/image/upload/v1753687615/ecommerce/computers/thraq7v8haoamzjyzuue.jpg
Computers 50,computers,https://res.cloudinary.com/dblkjtndz/image/upload/v1753687617/ecommerce/computers/qeij0tbrdv8qdparjhbq.jpg
Computers 51,computers,https://res.cloudinary.com/dblkjtndz/image/upload/v1753687619/ecommerce/computers/nzg83t5bgurflnggspqf.jpg
Computers 52,computers,https://res.cloudinary.com/dblkjtndz/image/upload/v1753687621/ecommerce/computers/rdaonnaqtyeiscqkldbb.jpg
Computers 53,computers,https://res.cloudinary.com/dblkjtndz/image/upload/v1753687624/ecommerce/computers/nkrxueto22t41yaz93qe.jpg
Computers 54,computers,https://res.cloudinary.com/dblkjtndz/image/upload/v1753687626/ecommerce/computers/oi4u1tovlwoytoh8k6ia.jpg
Computers 55,computers,https://res.cloudinary.com/dblkjtndz/image/upload/v1753687627/ecommerce/computers/nj8bluo63fwcfado3ngs.jpg
Computers 56,computers,https://res.cloudinary.com/dblkjtndz/image/upload/v1753687629/ecommerce/computers/puazful4hfwcdkw2aqth.jpg
Computers 57,computers,https://res.cloudinary.com/dblkjtndz/image/upload/v1753687631/ecommerce/computers/sylkkqf895xprg5nfyic.jpg
Computers 58,computers,https://res.cloudinary.com/dblkjtndz/image/upload/v1753687633/ecommerce/computers/lkxtipxv6d4eeh3cqgq2.jpg
Computers 59,computers,https://res.cloudinary.com/dblkjtndz/image/upload/v1753687635/ecommerce/computers/prmk5dxommbdrwdbqsls.jpg
Computers 6,computers,https://res.cloudinary.com/dblkjtndz/image/upload/v1753687636/ecommerce/computers/bigh7tjsnsdrnvplh2xo.jpg
Computers 60,computers,https://res.cloudinary.com/dblkjtndz/image/upload/v1753687638/ecommerce/computers/uv9kiolqp1gcwlgq8o8h.jpg
Computers 61,computers,https://res.cloudinary.com/dblkjtndz/image/upload/v1753687639/ecommerce/computers/l855or3i1ccartxyzqzj.jpg
Computers 62,computers,https://res.cloudinary.com/dblkjtndz/image/upload/v1753687641/ecommerce/computers/gelu0s8xdsnobz7wp6au.jpg
Computers 63,computers,https://res.cloudinary.com/dblkjtndz/image/upload/v1753687643/ecommerce/computers/i9drlidb5ksiox92erog.jpg
Computers 64,computers,https://res.cloudinary.com/dblkjtndz/image/upload/v1753687645/ecommerce/computers/uv4zbor9dl4mcj3a6zxh.jpg
Computers 65,computers,https://res.cloudinary.com/dblkjtndz/image/upload/v1753687646/ecommerce/computers/czpourtrdiogwaoxvzjc.jpg
Computers 66,computers,https://res.cloudinary.com/dblkjtndz/image/upload/v1753687648/ecommerce/computers/iarrtwb8eeg0q1sxoovb.jpg
Computers 67,computers,https://res.cloudinary.com/dblkjtndz/image/upload/v1753687649/ecommerce/computers/h42zejwq0q1y4oydw4uy.jpg
Computers 68,computers,https://res.cloudinary.com/dblkjtndz/image/upload/v1753687651/ecommerce/computers/yssbo4atawcagvl0smrf.jpg
Computers 69,computers,https://res.cloudinary.com/dblkjtndz/image/upload/v1753687653/ecommerce/computers/z9w7qlm2nmym5qugon3e.jpg
Computers 7,computers,https://res.cloudinary.com/dblkjtndz/image/upload/v1753687654/ecommerce/computers/aq0xeqm4hpqs42gw95vp.jpg
Computers 70,computers,https://res.cloudinary.com/dblkjtndz/image/upload/v1753687656/ecommerce/computers/otgjphpajnxn82stubcq.jpg
Computers 71,computers,https://res.cloudinary.com/dblkjtndz/image/upload/v1753687658/ecommerce/computers/dje0gdxlmqj7hw2j4mbn.jpg
Computers 72,computers,https://res.cloudinary.com/dblkjtndz/image/upload/v1753687660/ecommerce/computers/nhsbhhnnf2fn4cwnftwg.jpg
Computers 73,computers,https://res.cloudinary.com/dblkjtndz/image/upload/v1753687661/ecommerce/computers/w5wir5hzoco8vacebtfx.jpg
Computers 74,computers,https://res.cloudinary.com/dblkjtndz/image/upload/v1753687663/ecommerce/computers/k8md36nafclylazb4rwt.jpg
Computers 75,computers,https://res.cloudinary.com/dblkjtndz/image/upload/v1753687665/ecommerce/computers/clffnb1rmljtrslivkpq.jpg
Computers 76,computers,https://res.cloudinary.com/dblkjtndz/image/upload/v1753687667/ecommerce/computers/xzddx8oursckmosnqoqt.jpg
Computers 77,computers,https://res.cloudinary.com/dblkjtndz/image/upload/v1753687669/ecommerce/computers/hrahkyqetkkxatw2uvp7.jpg
Computers 78,computers,https://res.cloudinary.com/dblkjtndz/image/upload/v1753687671/ecommerce/computers/hydxhwufw2ni0u5t4zow.jpg
Computers 79,computers,https://res.cloudinary.com/dblkjtndz/image/upload/v1753687673/ecommerce/computers/dpccjdf1eb0bgduxcmjk.jpg
Computers 8,computers,https://res.cloudinary.com/dblkjtndz/image/upload/v1753687675/ecommerce/computers/hrh7quv8iccidsa0ltj2.jpg
Computers 80,computers,https://res.cloudinary.com/dblkjtndz/image/upload/v1753687677/ecommerce/computers/hnuax6k6zdp3po5y4nsr.jpg
Computers 9,computers,https://res.cloudinary.com/dblkjtndz/image/upload/v1753687679/ecommerce/computers/sbzg9vwu2qkgamudamyz.jpg
Home decor 0,home_decor,https://res.cloudinary.com/dblkjtndz/image/upload/v1753687681/ecommerce/home_decor/ieuazl0pod5we5ijajue.jpg
Home decor 1,home_decor,https://res.cloudinary.com/dblkjtndz/image/upload/v1753687682/ecommerce/home_decor/hygh0gcpvcmcngjm0ihe.jpg
Home decor 10,home_decor,https://res.cloudinary.com/dblkjtndz/image/upload/v1753687684/ecommerce/home_decor/j3ksba3fa6pemxfwupdd.jpg
Home decor 11,home_decor,https://res.cloudinary.com/dblkjtndz/image/upload/v1753687687/ecommerce/home_decor/z1psuaotetqe5ii7358j.jpg
Home decor 12,home_decor,https://res.cloudinary.com/dblkjtndz/image/upload/v1753687689/ecommerce/home_decor/etohatoisxvmwhtexncq.jpg
Home decor 13,home_decor,https://res.cloudinary.com/dblkjtndz/image/upload/v1753687691/ecommerce/home_decor/mt25ezu8wmaz2vyehiul.jpg
Home decor 14,home_decor,https://res.cloudinary.com/dblkjtndz/image/upload/v1753687692/ecommerce/home_decor/enf3eufk47pmhdpcr7bx.jpg
Home decor 15,home_decor,https://res.cloudinary.com/dblkjtndz/image/upload/v1753687694/ecommerce/home_decor/f3fgdfdtgwg7msi1rpn4.jpg
Home decor 16,home_decor,https://res.cloudinary.com/dblkjtndz/image/upload/v1753687696/ecommerce/home_decor/nniujg5ketehabbs52y3.jpg
Home decor 17,home_decor,https://res.cloudinary.com/dblkjtndz/image/upload/v1753687699/ecommerce/home_decor/wjfbtwfdvabteffibz8u.jpg
Home decor 18,home_decor,https://res.cloudinary.com/dblkjtndz/image/upload/v1753687701/ecommerce/home_decor/feuf3wqpudkwookey1if.jpg
Home decor 19,home_decor,https://res.cloudinary.com/dblkjtndz/image/upload/v1753687703/ecommerce/home_decor/dvologqxcu5y6sayymny.jpg
Home decor 2,home_decor,https://res.cloudinary.com/dblkjtndz/image/upload/v1753687705/ecommerce/home_decor/ikks0uygvxfn5rzyolli.jpg
Home decor 20,home_decor,https://res.cloudinary.com/dblkjtndz/image/upload/v1753687706/ecommerce/home_decor/o2bzpa3ujvmot0kn5yzv.jpg
Home decor 21,home_decor,https://res.cloudinary.com/dblkjtndz/image/upload/v1753687708/ecommerce/home_decor/wi59gnrgwe6ookbqqzj2.jpg
Home decor 22,home_decor,https://res.cloudinary.com/dblkjtndz/image/upload/v1753687711/ecommerce/home_decor/w7nhyknhi1wzw3go9j4i.jpg
Home decor 23,home_decor,https://res.cloudinary.com/dblkjtndz/image/upload/v1753687713/ecommerce/home_decor/f9ooku419au7wcsyxpxw.jpg
Home decor 24,home_decor,https://res.cloudinary.com/dblkjtndz/image/upload/v1753687715/ecommerce/home_decor/xzufyfl1en5p3bj2qpy6.jpg
Home decor 25,home_decor,https://res.cloudinary.com/dblkjtndz/image/upload/v1753687717/ecommerce/home_decor/uytrhexuifdv5yt9gnsi.jpg
Home decor 26,home_decor,https://res.cloudinary.com/dblkjtndz/image/upload/v1753687719/ecommerce/home_decor/eg6xltm97npjkftfjwqa.jpg
Home decor 27,home_decor,https://res.cloudinary.com/dblkjtndz/image/upload/v1753687721/ecommerce/home_decor/r0xiitxaddd1ihfffgmf.jpg
Home decor 28,home_decor,https://res.cloudinary.com/dblkjtndz/image/upload/v1753687723/ecommerce/home_decor/d55jkh8quj4dmuyd9o6r.jpg
Home decor 29,home_decor,https://res.cloudinary.com/dblkjtndz/image/upload/v1753687725/ecommerce/home_decor/vaufzgvpfftqqqp6jrzv.jpg
Home decor 3,home_decor,https://res.cloudinary.com/dblkjtndz/image/upload/v1753687727/ecommerce/home_decor/wdrdantknwchlpn2gz7x.jpg
Home decor 30,home_decor,https://res.cloudinary.com/dblkjtndz/image/upload/v1753687729/ecommerce/home_decor/ofhtst5kp60fqalqsk2u.jpg
Home decor 31,home_decor,https://res.cloudinary.com/dblkjtndz/image/upload/v1753687731/ecommerce/home_decor/tpwa9z3gceomfmsxxck2.jpg
Home decor 32,home_decor,https://res.cloudinary.com/dblkjtndz/image/upload/v1753687733/ecommerce/home_decor/utunhgeixmgrvoxvplbm.jpg
Home decor 33,home_decor,https://res.cloudinary.com/dblkjtndz/image/upload/v1753687736/ecommerce/home_decor/pnu7zzxrlwufwnqgeyqd.jpg
Home decor 34,home_decor,https://res.cloudinary.com/dblkjtndz/image/upload/v1753687738/ecommerce/home_decor/bfbwilp1jo3ka1y5g8ja.jpg
Home decor 35,home_decor,https://res.cloudinary.com/dblkjtndz/image/upload/v1753687740/ecommerce/home_decor/aduedn34yhvta48bspxw.jpg
Home decor 36,home_decor,https://res.cloudinary.com/dblkjtndz/image/upload/v1753687741/ecommerce/home_decor/lc5stxc4tzbc20phxs5p.jpg
Home decor 37,home_decor,https://res.cloudinary.com/dblkjtndz/image/upload/v1753687743/ecommerce/home_decor/ugxrnfffjboh2yhh38b7.jpg
Home decor 38,home_decor,https://res.cloudinary.com/dblkjtndz/image/upload/v1753687745/ecommerce/home_decor/dc3wcgg0xdlkurladwlf.jpg
Home decor 39,home_decor,https://res.cloudinary.com/dblkjtndz/image/upload/v1753687747/ecommerce/home_decor/zlskvgjaa6b9egamiggo.jpg
Home decor 4,home_decor,https://res.cloudinary.com/dblkjtndz/image/upload/v1753687749/ecommerce/home_decor/wehea8v8y1yvgeaxhoju.jpg
Home decor 40,home_decor,https://res.cloudinary.com/dblkjtndz/image/upload/v1753687751/ecommerce/home_decor/pohn0asvionfaxsqtzcf.jpg
Home decor 41,home_decor,https://res.cloudinary.com/dblkjtndz/image/upload/v1753687753/ecommerce/home_decor/v2f6mh3qhqtgfekg8h5f.jpg
Home decor 42,home_decor,https://res.cloudinary.com/dblkjtndz/image/upload/v1753687755/ecommerce/home_decor/apflnf68hbu36lp7qjuy.jpg
Home decor 43,home_decor,https://res.cloudinary.com/dblkjtndz/image/upload/v1753687757/ecommerce/home_decor/mulaupgiwu2vwcyvfmlg.jpg
Home decor 44,home_decor,https://res.cloudinary.com/dblkjtndz/image/upload/v1753687759/ecommerce/home_decor/avujh4vaqtlvulvtp8qd.jpg
Home decor 45,home_decor,https://res.cloudinary.com/dblkjtndz/image/upload/v1753687761/ecommerce/home_decor/ohxotg1gvhjb67quk06s.jpg
Home decor 46,home_decor,https://res.cloudinary.com/dblkjtndz/image/upload/v1753687763/ecommerce/home_decor/ehsqkid1wmpfgi4d4xot.jpg
Home decor 47,home_decor,https://res.cloudinary.com/dblkjtndz/image/upload/v1753687765/ecommerce/home_decor/nws37chbb9piof48ixa4.jpg
Home decor 48,home_decor,https://res.cloudinary.com/dblkjtndz/image/upload/v1753687767/ecommerce/home_decor/ww9lkd1gomlwhohtcxzk.jpg
Home decor 49,home_decor,https://res.cloudinary.com/dblkjtndz/image/upload/v1753687769/ecommerce/home_decor/f8scdgvk0smvaxchnf3d.jpg
Home decor 5,home_decor,https://res.cloudinary.com/dblkjtndz/image/upload/v1753687771/ecommerce/home_decor/wg29s4jqlcqmqjotcbzy.jpg
Home decor 50,home_decor,https://res.cloudinary.com/dblkjtndz/image/upload/v1753687773/ecommerce/home_decor/ffwompuk8fthwt8gockg.jpg
Home decor 51,home_decor,https://res.cloudinary.com/dblkjtndz/image/upload/v1753687775/ecommerce/home_decor/vvfcjjnwtwdj9te7diql.jpg
Home decor 52,home_decor,https://res.cloudinary.com/dblkjtndz/image/upload/v1753687777/ecommerce/home_decor/zid44bu5jydi9fqajdja.jpg
Home decor 53,home_decor,https://res.cloudinary.com/dblkjtndz/image/upload/v1753687779/ecommerce/home_decor/xuvpyriftqa8dk6s52fj.jpg
Home decor 54,home_decor,https://res.cloudinary.com/dblkjtndz/image/upload/v1753687781/ecommerce/home_decor/x7q5yi6v0h0agsiwcfw2.jpg
Home decor 55,home_decor,https://res.cloudinary.com/dblkjtndz/image/upload/v1753687783/ecommerce/home_decor/p8fzygdgrlhyohtxp9z8.jpg
Home decor 56,home_decor,https://res.cloudinary.com/dblkjtndz/image/upload/v1753687785/ecommerce/home_decor/blqh7yuuxmnwujwemk8z.jpg
Home decor 57,home_decor,https://res.cloudinary.com/dblkjtndz/image/upload/v1753687787/ecommerce/home_decor/buch4cyrthvartluqkat.jpg
Home decor 58,home_decor,https://res.cloudinary.com/dblkjtndz/image/upload/v1753687789/ecommerce/home_decor/snfnyq1dvgeextctnmqk.jpg
Home decor 59,home_decor,https://res.cloudinary.com/dblkjtndz/image/upload/v1753687791/ecommerce/home_decor/g9b6ugrwt5bhbc2nrsug.jpg
Home decor 6,home_decor,https://res.cloudinary.com/dblkjtndz/image/upload/v1753687793/ecommerce/home_decor/yor3kfbumyhi5hcs0yfh.jpg
Home decor 60,home_decor,https://res.cloudinary.com/dblkjtndz/image/upload/v1753687795/ecommerce/home_decor/ki5ptdhi3kpsdanzgzwa.jpg
Home decor 61,home_decor,https://res.cloudinary.com/dblkjtndz/image/upload/v1753687797/ecommerce/home_decor/auvc0ueotjqldgvqh7vt.jpg
Home decor 62,home_decor,https://res.cloudinary.com/dblkjtndz/image/upload/v1753687799/ecommerce/home_decor/szowz60qeim44sbxitqk.jpg
Home decor 63,home_decor,https://res.cloudinary.com/dblkjtndz/image/upload/v1753687801/ecommerce/home_decor/wornybrsbwic90tsv9aq.jpg
Home decor 64,home_decor,https://res.cloudinary.com/dblkjtndz/image/upload/v1753687802/ecommerce/home_decor/zfjulrhojdtuxmnvdrgb.jpg
Home decor 65,home_decor,https://res.cloudinary.com/dblkjtndz/image/upload/v1753687804/ecommerce/home_decor/vgvykm0kh6jmdscoh0xu.jpg
Home decor 66,home_decor,https://res.cloudinary.com/dblkjtndz/image/upload/v1753687806/ecommerce/home_decor/o3oupoo6vksdbnb3atvx.jpg
Home decor 67,home_decor,https://res.cloudinary.com/dblkjtndz/image/upload/v1753687808/ecommerce/home_decor/y9nljxh1g5kwrk1supx8.jpg
Home decor 68,home_decor,https://res.cloudinary.com/dblkjtndz/image/upload/v1753687811/ecommerce/home_decor/msix2omwsr9egl93fnqw.jpg
Home decor 69,home_decor,https://res.cloudinary.com/dblkjtndz/image/upload/v1753687813/ecommerce/home_decor/grudlsguu8lhh91oa0tn.jpg
Home decor 7,home_decor,https://res.cloudinary.com/dblkjtndz/image/upload/v1753687815/ecommerce/home_decor/pde1yr835y9d8yb7iuwo.jpg
Home decor 70,home_decor,https://res.cloudinary.com/dblkjtndz/image/upload/v1753687816/ecommerce/home_decor/zizcjznawywloks74dwj.jpg
Home decor 71,home_decor,https://res.cloudinary.com/dblkjtndz/image/upload/v1753687818/ecommerce/home_decor/fim4lsxktc1zqqnyoyin.jpg
Home decor 72,home_decor,https://res.cloudinary.com/dblkjtndz/image/upload/v1753687820/ecommerce/home_decor/g5wcd0h6bh03l7b4gocn.jpg
Home decor 73,home_decor,https://res.cloudinary.com/dblkjtndz/image/upload/v1753687822/ecommerce/home_decor/z6fezvulig5ctee7ibpl.jpg
Home decor 74,home_decor,https://res.cloudinary.com/dblkjtndz/image/upload/v1753687824/ecommerce/home_decor/prbnvqt8arkjskf6zxta.jpg
Home decor 75,home_decor,https://res.cloudinary.com/dblkjtndz/image/upload/v1753687826/ecommerce/home_decor/uyqigcctukqo81tmjhv4.jpg
Home decor 76,home_decor,https://res.cloudinary.com/dblkjtndz/image/upload/v1753687828/ecommerce/home_decor/n1syle5g9gitlsn42ytn.jpg
Home decor 77,home_decor,https://res.cloudinary.com/dblkjtndz/image/upload/v1753687829/ecommerce/home_decor/dwewehghpb9ok7xtakgn.jpg
Home decor 78,home_decor,https://res.cloudinary.com/dblkjtndz/image/upload/v1753687831/ecommerce/home_decor/ynjq28tghz3ksmjtgxud.jpg
Home decor 79,home_decor,https://res.cloudinary.com/dblkjtndz/image/upload/v1753687833/ecommerce/home_decor/omtimc0ltlkos5x31u1k.jpg
Home decor 8,home_decor,https://res.cloudinary.com/dblkjtndz/image/upload/v1753687835/ecommerce/home_decor/bqkijmv09fmjqpftpz3f.jpg
Home decor 80,home_decor,https://res.cloudinary.com/dblkjtndz/image/upload/v1753687837/ecommerce/home_decor/xisf5dzcvooy6pwzlsyj.jpg
Home decor 81,home_decor,https://res.cloudinary.com/dblkjtndz/image/upload/v1753687839/ecommerce/home_decor/v28zhvlbtkwfx2t3hfls.jpg
Home decor 82,home_decor,https://res.cloudinary.com/dblkjtndz/image/upload/v1753687841/ecommerce/home_decor/zpdjrjvraogqaaiwcaty.jpg
Home decor 83,home_decor,https://res.cloudinary.com/dblkjtndz/image/upload/v1753687843/ecommerce/home_decor/kypmy0jagtduv3flhoex.jpg
Home decor 84,home_decor,https://res.cloudinary.com/dblkjtndz/image/upload/v1753687845/ecommerce/home_decor/swovkw8kqbiwslys5dcd.jpg
Home decor 85,home_decor,https://res.cloudinary.com/dblkjtndz/image/upload/v1753687847/ecommerce/home_decor/opmopyzgeacrong0qaaa.jpg
Home decor 86,home_decor,https://res.cloudinary.com/dblkjtndz/image/upload/v1753687849/ecommerce/home_decor/s4bexlefqu8cer5q9lw0.jpg
Home decor 87,home_decor,https://res.cloudinary.com/dblkjtndz/image/upload/v1753687851/ecommerce/home_decor/jlyxilya0317etqyfo5c.jpg
Home decor 88,home_decor,https://res.cloudinary.com/dblkjtndz/image/upload/v1753687853/ecommerce/home_decor/ceztiu9mbympfcr0rmzh.jpg
Home decor 89,home_decor,https://res.cloudinary.com/dblkjtndz/image/upload/v1753687855/ecommerce/home_decor/nsuivlmbg20szeojg2o3.jpg
Home decor 9,home_decor,https://res.cloudinary.com/dblkjtndz/image/upload/v1753687857/ecommerce/home_decor/rfws6azyh5opuboniuan.jpg
Home decor 90,home_decor,https://res.cloudinary.com/dblkjtndz/image/upload/v1753687859/ecommerce/home_decor/zrfjudsc8xzealk3cn5p.jpg
Home decor 91,home_decor,https://res.cloudinary.com/dblkjtndz/image/upload/v1753687861/ecommerce/home_decor/swifz1b5hopepsjcjncb.jpg
Home decor 92,home_decor,https://res.cloudinary.com/dblkjtndz/image/upload/v1753687862/ecommerce/home_decor/kehfgo3sbmwrkpywgxkk.jpg
Home decor 93,home_decor,https://res.cloudinary.com/dblkjtndz/image/upload/v1753687864/ecommerce/home_decor/zlhjxwedk8jigortjdch.jpg
Home decor 94,home_decor,https://res.cloudinary.com/dblkjtndz/image/upload/v1753687866/ecommerce/home_decor/a0spopj3vserf5mivymr.jpg
Home decor 95,home_decor,https://res.cloudinary.com/dblkjtndz/image/upload/v1753687868/ecommerce/home_decor/lmgmcikl0r6fvvkidduh.jpg
Home decor 96,home_decor,https://res.cloudinary.com/dblkjtndz/image/upload/v1753687870/ecommerce/home_decor/u6tzcgxamkh8iuvojmx7.jpg
Home decor 97,home_decor,https://res.cloudinary.com/dblkjtndz/image/upload/v1753687872/ecommerce/home_decor/wyd6zkccphf3devmbzct.jpg
Home decor 98,home_decor,https://res.cloudinary.com/dblkjtndz/image/upload/v1753687874/ecommerce/home_decor/yrj2uw6ihuy0ffw92sqf.jpg
Home decor 99,home_decor,https://res.cloudinary.com/dblkjtndz/image/upload/v1753687876/ecommerce/home_decor/y4v7nxaf1gucf38eygbj.jpg
Kitchen 0,kitchen,https://res.cloudinary.com/dblkjtndz/image/upload/v1753687879/ecommerce/kitchen/byqjhtogz24htjh53yxb.jpg
Kitchen 1,kitchen,https://res.cloudinary.com/dblkjtndz/image/upload/v1753687881/ecommerce/kitchen/rbzlquhfprlrteayazjg.jpg
Kitchen 10,kitchen,https://res.cloudinary.com/dblkjtndz/image/upload/v1753687882/ecommerce/kitchen/spcbofz4nw9txu6q2fsu.jpg
Kitchen 11,kitchen,https://res.cloudinary.com/dblkjtndz/image/upload/v1753687884/ecommerce/kitchen/ianvimtnnv27j5zcd9rf.jpg
Kitchen 12,kitchen,https://res.cloudinary.com/dblkjtndz/image/upload/v1753687886/ecommerce/kitchen/ldbptyjaoyu5wf5t6ixc.jpg
Kitchen 13,kitchen,https://res.cloudinary.com/dblkjtndz/image/upload/v1753687888/ecommerce/kitchen/qqcwvzumox2hr1gpjikr.jpg
Kitchen 14,kitchen,https://res.cloudinary.com/dblkjtndz/image/upload/v1753687890/ecommerce/kitchen/ab33a0djd2m8undv6svw.jpg
Kitchen 15,kitchen,https://res.cloudinary.com/dblkjtndz/image/upload/v1753687891/ecommerce/kitchen/fbvbx51qkbtaweil21af.jpg
Kitchen 16,kitchen,https://res.cloudinary.com/dblkjtndz/image/upload/v1753687893/ecommerce/kitchen/enypbkcxagu05xafrbno.jpg
Kitchen 17,kitchen,https://res.cloudinary.com/dblkjtndz/image/upload/v1753687895/ecommerce/kitchen/ayqmksxnjjriftl1iozu.jpg
Kitchen 18,kitchen,https://res.cloudinary.com/dblkjtndz/image/upload/v1753687897/ecommerce/kitchen/h25p43uwwyy7zbruxprn.jpg
Kitchen 19,kitchen,https://res.cloudinary.com/dblkjtndz/image/upload/v1753687898/ecommerce/kitchen/mczwm4tudf4cx1vjtwob.jpg
Kitchen 2,kitchen,https://res.cloudinary.com/dblkjtndz/image/upload/v1753687901/ecommerce/kitchen/quuf0uztda7s1fvqnts9.jpg
Kitchen 20,kitchen,https://res.cloudinary.com/dblkjtndz/image/upload/v1753687902/ecommerce/kitchen/myjd8upwiklzvcdc7oqt.jpg
Kitchen 21,kitchen,https://res.cloudinary.com/dblkjtndz/image/upload/v1753687904/ecommerce/kitchen/xauzto4lfuzm1yt35lim.jpg
Kitchen 22,kitchen,https://res.cloudinary.com/dblkjtndz/image/upload/v1753687906/ecommerce/kitchen/rgnz40mviz2ltmnggtg3.jpg
Kitchen 23,kitchen,https://res.cloudinary.com/dblkjtndz/image/upload/v1753687907/ecommerce/kitchen/c9ssoqt1pjvccl1rjapu.jpg
Kitchen 24,kitchen,https://res.cloudinary.com/dblkjtndz/image/upload/v1753687909/ecommerce/kitchen/xctj3vatay4ppxgoo1hb.jpg
Kitchen 25,kitchen,https://res.cloudinary.com/dblkjtndz/image/upload/v1753687912/ecommerce/kitchen/z6155zjkolsv9dxwtxd3.jpg
Kitchen 26,kitchen,https://res.cloudinary.com/dblkjtndz/image/upload/v1753687914/ecommerce/kitchen/lksuka5tlergd1yxexwg.jpg
Kitchen 27,kitchen,https://res.cloudinary.com/dblkjtndz/image/upload/v1753687916/ecommerce/kitchen/o5hmb4moixk5sgu1hbyz.jpg
Kitchen 28,kitchen,https://res.cloudinary.com/dblkjtndz/image/upload/v1753687917/ecommerce/kitchen/hseep5uk3p6yhnjrdwcs.jpg
Kitchen 29,kitchen,https://res.cloudinary.com/dblkjtndz/image/upload/v1753687919/ecommerce/kitchen/jibmstqx8crs2jjx7tq7.jpg
Kitchen 3,kitchen,https://res.cloudinary.com/dblkjtndz/image/upload/v1753687921/ecommerce/kitchen/ghibbbcugzekde3kuvsw.jpg
Kitchen 30,kitchen,https://res.cloudinary.com/dblkjtndz/image/upload/v1753687923/ecommerce/kitchen/g8iobjukkn7owqetrrlf.jpg
Kitchen 31,kitchen,https://res.cloudinary.com/dblkjtndz/image/upload/v1753687925/ecommerce/kitchen/ohcjselwjwng5wjsn0ni.jpg
Kitchen 32,kitchen,https://res.cloudinary.com/dblkjtndz/image/upload/v1753687927/ecommerce/kitchen/vbdi6bwif6ekdtpjr4zl.jpg
Kitchen 33,kitchen,https://res.cloudinary.com/dblkjtndz/image/upload/v1753687928/ecommerce/kitchen/ksqorjzvshfllzvlg6br.jpg
Kitchen 34,kitchen,https://res.cloudinary.com/dblkjtndz/image/upload/v1753687930/ecommerce/kitchen/hdprelvko9jeovcahiwp.jpg
Kitchen 35,kitchen,https://res.cloudinary.com/dblkjtndz/image/upload/v1753687931/ecommerce/kitchen/ncnlrkfgjpcps06uv2xx.jpg
Kitchen 36,kitchen,https://res.cloudinary.com/dblkjtndz/image/upload/v1753687933/ecommerce/kitchen/yvxcz4qtdpury1bcsdof.jpg
Kitchen 37,kitchen,https://res.cloudinary.com/dblkjtndz/image/upload/v1753687935/ecommerce/kitchen/iodh4n2rl9zpn5mn1if9.jpg
Kitchen 38,kitchen,https://res.cloudinary.com/dblkjtndz/image/upload/v1753687938/ecommerce/kitchen/o8rfmo256wvbjs1eq696.jpg
Kitchen 39,kitchen,https://res.cloudinary.com/dblkjtndz/image/upload/v1753687940/ecommerce/kitchen/ayhztfxi7kfnsqekchca.jpg
Kitchen 4,kitchen,https://res.cloudinary.com/dblkjtndz/image/upload/v1753687942/ecommerce/kitchen/vmfqhrbyhiltnxaql7t2.jpg
Kitchen 40,kitchen,https://res.cloudinary.com/dblkjtndz/image/upload/v1753687943/ecommerce/kitchen/xof21nybkoga2cwjvgmh.jpg
Kitchen 41,kitchen,https://res.cloudinary.com/dblkjtndz/image/upload/v1753687945/ecommerce/kitchen/xehf03xa1kzzrwm9d6pw.jpg
Kitchen 42,kitchen,https://res.cloudinary.com/dblkjtndz/image/upload/v1753687947/ecommerce/kitchen/gitg9bhts3lxm3cfh07g.jpg
Kitchen 43,kitchen,https://res.cloudinary.com/dblkjtndz/image/upload/v1753687949/ecommerce/kitchen/wfk0jjtc0pg764emkjcq.jpg
Kitchen 44,kitchen,https://res.cloudinary.com/dblkjtndz/image/upload/v1753687950/ecommerce/kitchen/j2gdoihtwbjlwofeb9ng.jpg
Kitchen 45,kitchen,https://res.cloudinary.com/dblkjtndz/image/upload/v1753687952/ecommerce/kitchen/qrcnwelaskadofvzxh0q.jpg
Kitchen 46,kitchen,https://res.cloudinary.com/dblkjtndz/image/upload/v1753687954/ecommerce/kitchen/q2udivz04ouqj2vdrtfo.jpg
Kitchen 47,kitchen,https://res.cloudinary.com/dblkjtndz/image/upload/v1753687956/ecommerce/kitchen/ptplk9harleton7hsuzx.jpg
Kitchen 48,kitchen,https://res.cloudinary.com/dblkjtndz/image/upload/v1753687958/ecommerce/kitchen/hhuwrvj086vojfvim48f.jpg
Kitchen 49,kitchen,https://res.cloudinary.com/dblkjtndz/image/upload/v1753687960/ecommerce/kitchen/lzuzmgvl1g3ehey3yfpd.jpg
Kitchen 5,kitchen,https://res.cloudinary.com/dblkjtndz/image/upload/v1753687961/ecommerce/kitchen/c1xyvemb0iaxv8jurkgj.jpg
Kitchen 50,kitchen,https://res.cloudinary.com/dblkjtndz/image/upload/v1753687963/ecommerce/kitchen/zevpvw1bznnjt89utie0.jpg
Kitchen 51,kitchen,https://res.cloudinary.com/dblkjtndz/image/upload/v1753687965/ecommerce/kitchen/ppollsmdb7ehhyxvfnpt.jpg
Kitchen 52,kitchen,https://res.cloudinary.com/dblkjtndz/image/upload/v1753687966/ecommerce/kitchen/nmhx1jztpgmvh4ytosz0.jpg
Kitchen 53,kitchen,https://res.cloudinary.com/dblkjtndz/image/upload/v1753687968/ecommerce/kitchen/ffmjdnypgtjaxtkida3i.jpg
Kitchen 54,kitchen,https://res.cloudinary.com/dblkjtndz/image/upload/v1753687970/ecommerce/kitchen/m1aazzlvaglbuydbvmqc.jpg
Kitchen 55,kitchen,https://res.cloudinary.com/dblkjtndz/image/upload/v1753687972/ecommerce/kitchen/fig6n0vuneusgmjrf04u.jpg
Kitchen 56,kitchen,https://res.cloudinary.com/dblkjtndz/image/upload/v1753687973/ecommerce/kitchen/nk8uklgytoq886jzxoyb.jpg
Kitchen 57,kitchen,https://res.cloudinary.com/dblkjtndz/image/upload/v1753687975/ecommerce/kitchen/yc7zpgohcl2rm46eey3e.jpg
Kitchen 58,kitchen,https://res.cloudinary.com/dblkjtndz/image/upload/v1753687976/ecommerce/kitchen/dxvqzwvzr3j8ecaryurj.jpg
Kitchen 59,kitchen,https://res.cloudinary.com/dblkjtndz/image/upload/v1753687978/ecommerce/kitchen/gtsgyqrd6dh6lcwek2jl.jpg
Kitchen 6,kitchen,https://res.cloudinary.com/dblkjtndz/image/upload/v1753687980/ecommerce/kitchen/nl2ezuo5ljjvorw6yeok.jpg
Kitchen 60,kitchen,https://res.cloudinary.com/dblkjtndz/image/upload/v1753687982/ecommerce/kitchen/pvtsomcvkmogr3iejkvt.jpg
Kitchen 61,kitchen,https://res.cloudinary.com/dblkjtndz/image/upload/v1753687984/ecommerce/kitchen/sk7m9hqhyjffttlx9xev.jpg
Kitchen 62,kitchen,https://res.cloudinary.com/dblkjtndz/image/upload/v1753687985/ecommerce/kitchen/mvekfvxbyteuknaduzpa.jpg
Kitchen 63,kitchen,https://res.cloudinary.com/dblkjtndz/image/upload/v1753687987/ecommerce/kitchen/qcv8porezmoo4ia1sapz.jpg
Kitchen 64,kitchen,https://res.cloudinary.com/dblkjtndz/image/upload/v1753687989/ecommerce/kitchen/f1b1wnpwaywuuhvkt8kh.jpg
Kitchen 65,kitchen,https://res.cloudinary.com/dblkjtndz/image/upload/v1753687991/ecommerce/kitchen/v54sl6oxb5q5ttadot0v.jpg
Kitchen 66,kitchen,https://res.cloudinary.com/dblkjtndz/image/upload/v1753687992/ecommerce/kitchen/ub9ldpiu5eo4bjbod8zp.jpg
Kitchen 67,kitchen,https://res.cloudinary.com/dblkjtndz/image/upload/v1753687994/ecommerce/kitchen/ti7nujjotvqkkkvlg2jg.jpg
Kitchen 68,kitchen,https://res.cloudinary.com/dblkjtndz/image/upload/v1753687996/ecommerce/kitchen/e5djdbdtto0ikeb3kavs.jpg
Kitchen 69,kitchen,https://res.cloudinary.com/dblkjtndz/image/upload/v1753687998/ecommerce/kitchen/xwmlcqq7pbop51hqwdo9.jpg
Kitchen 7,kitchen,https://res.cloudinary.com/dblkjtndz/image/upload/v1753688000/ecommerce/kitchen/dmdezezhriswxgfqi9pv.jpg
Kitchen 70,kitchen,https://res.cloudinary.com/dblkjtndz/image/upload/v1753688003/ecommerce/kitchen/iltgdo4adp44o24hqxds.jpg
Kitchen 71,kitchen,https://res.cloudinary.com/dblkjtndz/image/upload/v1753688004/ecommerce/kitchen/vni57ait2fggtt5iwfis.jpg
Kitchen 72,kitchen,https://res.cloudinary.com/dblkjtndz/image/upload/v1753688006/ecommerce/kitchen/njzfscelxfga6i9x14tw.jpg
Kitchen 73,kitchen,https://res.cloudinary.com/dblkjtndz/image/upload/v1753688008/ecommerce/kitchen/edq76jojepqjd5br9ior.jpg
Kitchen 74,kitchen,https://res.cloudinary.com/dblkjtndz/image/upload/v1753688009/ecommerce/kitchen/o0yer7hlc3wbbd2sxkkw.jpg
Kitchen 75,kitchen,https://res.cloudinary.com/dblkjtndz/image/upload/v1753688011/ecommerce/kitchen/tnazmla5fcpen2uo5yue.jpg
Kitchen 76,kitchen,https://res.cloudinary.com/dblkjtndz/image/upload/v1753688012/ecommerce/kitchen/uwadujnzn7w2bnczmam2.jpg
Kitchen 77,kitchen,https://res.cloudinary.com/dblkjtndz/image/upload/v1753688015/ecommerce/kitchen/qjhwwygqcm9yyfu9wabr.jpg
Kitchen 78,kitchen,https://res.cloudinary.com/dblkjtndz/image/upload/v1753688016/ecommerce/kitchen/tfegvaysije3ibgmog0h.jpg
Kitchen 79,kitchen,https://res.cloudinary.com/dblkjtndz/image/upload/v1753688018/ecommerce/kitchen/z8syihf5s5fk7dxx5oy5.jpg
Kitchen 8,kitchen,https://res.cloudinary.com/dblkjtndz/image/upload/v1753688020/ecommerce/kitchen/ad8soa0e6ozsdm8fngyl.jpg
Kitchen 80,kitchen,https://res.cloudinary.com/dblkjtndz/image/upload/v1753688022/ecommerce/kitchen/cwi3uwbnw7uhgeyaloi7.jpg
Kitchen 81,kitchen,https://res.cloudinary.com/dblkjtndz/image/upload/v1753688025/ecommerce/kitchen/cj4sgknqefvykgsqynkg.jpg
Kitchen 82,kitchen,https://res.cloudinary.com/dblkjtndz/image/upload/v1753688027/ecommerce/kitchen/nchuglrpjo1elbchbmys.jpg
Kitchen 83,kitchen,https://res.cloudinary.com/dblkjtndz/image/upload/v1753688029/ecommerce/kitchen/genintk3vgxktjvsb6fl.jpg
Kitchen 84,kitchen,https://res.cloudinary.com/dblkjtndz/image/upload/v1753688030/ecommerce/kitchen/oiwx3d3lgkheur3mrvrq.jpg
Kitchen 85,kitchen,https://res.cloudinary.com/dblkjtndz/image/upload/v1753688032/ecommerce/kitchen/nvvd5ipiwaozcn3h5xt4.jpg
Kitchen 86,kitchen,https://res.cloudinary.com/dblkjtndz/image/upload/v1753688033/ecommerce/kitchen/oibzkqomtbnobgmjmcag.jpg
Kitchen 87,kitchen,https://res.cloudinary.com/dblkjtndz/image/upload/v1753688035/ecommerce/kitchen/aff6fqpt4to3iugiywwh.jpg
Kitchen 88,kitchen,https://res.cloudinary.com/dblkjtndz/image/upload/v1753688037/ecommerce/kitchen/y9uprttxvmplc9ru9oeq.jpg
Kitchen 89,kitchen,https://res.cloudinary.com/dblkjtndz/image/upload/v1753688039/ecommerce/kitchen/vnoex9ahvzbuks3bki2h.jpg
Kitchen 9,kitchen,https://res.cloudinary.com/dblkjtndz/image/upload/v1753688040/ecommerce/kitchen/hzfbvposvu6k66vtvcpt.jpg
Kitchen 90,kitchen,https://res.cloudinary.com/dblkjtndz/image/upload/v1753688042/ecommerce/kitchen/j5llglst1lh7mb1o6dwv.jpg
Kitchen 91,kitchen,https://res.cloudinary.com/dblkjtndz/image/upload/v1753688043/ecommerce/kitchen/vucu7p5swpmepkylewfl.jpg
Kitchen 92,kitchen,https://res.cloudinary.com/dblkjtndz/image/upload/v1753688045/ecommerce/kitchen/nhbph8po4slm9xol8dw6.jpg
Kitchen 93,kitchen,https://res.cloudinary.com/dblkjtndz/image/upload/v1753688047/ecommerce/kitchen/rdsxywlzgdfyo87zz5pt.jpg
Kitchen 94,kitchen,https://res.cloudinary.com/dblkjtndz/image/upload/v1753688049/ecommerce/kitchen/ws0zz245cxzqxwvg7ptk.jpg
Kitchen 95,kitchen,https://res.cloudinary.com/dblkjtndz/image/upload/v1753688051/ecommerce/kitchen/goywxxzepykojfqi710c.jpg
Kitchen 96,kitchen,https://res.cloudinary.com/dblkjtndz/image/upload/v1753688052/ecommerce/kitchen/tv1bk8zns8wikiixp8ej.jpg
Kitchen 97,kitchen,https://res.cloudinary.com/dblkjtndz/image/upload/v1753688054/ecommerce/kitchen/pp9crptccvb8j7e7kzh7.jpg
Kitchen 98,kitchen,https://res.cloudinary.com/dblkjtndz/image/upload/v1753688056/ecommerce/kitchen/yqhvtxdcn3zvlvreoobg.jpg
Kitchen 99,kitchen,https://res.cloudinary.com/dblkjtndz/image/upload/v1753688058/ecommerce/kitchen/wagfzecbiipl2y7dvyla.jpg
Men shirts 0,men_shirts,https://res.cloudinary.com/dblkjtndz/image/upload/v1753688060/ecommerce/men_shirts/ivc2tjsd4vvapfywmk7d.jpg
Men shirts 1,men_shirts,https://res.cloudinary.com/dblkjtndz/image/upload/v1753688062/ecommerce/men_shirts/oh3k2zvtprzeteb6l8qt.jpg
Men shirts 10,men_shirts,https://res.cloudinary.com/dblkjtndz/image/upload/v1753688063/ecommerce/men_shirts/f3x7btxqelwtqucsf36i.jpg
Men shirts 11,men_shirts,https://res.cloudinary.com/dblkjtndz/image/upload/v1753688065/ecommerce/men_shirts/orjka02jmlowu6kir1ot.jpg
Men shirts 12,men_shirts,https://res.cloudinary.com/dblkjtndz/image/upload/v1753688067/ecommerce/men_shirts/ywdhnnj0wqlx6f9nuljv.jpg
Men shirts 13,men_shirts,https://res.cloudinary.com/dblkjtndz/image/upload/v1753688069/ecommerce/men_shirts/ciibon5cc2kvlkywxuza.jpg
Men shirts 14,men_shirts,https://res.cloudinary.com/dblkjtndz/image/upload/v1753688070/ecommerce/men_shirts/uwyas2j03gfgojmfaubl.jpg
Men shirts 15,men_shirts,https://res.cloudinary.com/dblkjtndz/image/upload/v1753688072/ecommerce/men_shirts/xv5mdr04449594l4dq91.jpg
Men shirts 16,men_shirts,https://res.cloudinary.com/dblkjtndz/image/upload/v1753688074/ecommerce/men_shirts/xfsudhq9g3zrmqbkfj6n.jpg
Men shirts 17,men_shirts,https://res.cloudinary.com/dblkjtndz/image/upload/v1753688075/ecommerce/men_shirts/l9b9h27cg10ygnd0tkbp.jpg
Men shirts 18,men_shirts,https://res.cloudinary.com/dblkjtndz/image/upload/v1753688077/ecommerce/men_shirts/ftjbqiezf1lhmkh8t5kw.jpg
Men shirts 19,men_shirts,https://res.cloudinary.com/dblkjtndz/image/upload/v1753688079/ecommerce/men_shirts/qin2eeeqd2bsqfdm8184.jpg
Men shirts 2,men_shirts,https://res.cloudinary.com/dblkjtndz/image/upload/v1753688081/ecommerce/men_shirts/aozkvqowz1ol1nxt0211.jpg
Men shirts 20,men_shirts,https://res.cloudinary.com/dblkjtndz/image/upload/v1753688084/ecommerce/men_shirts/vivmhozdbvfgt6hytwsn.jpg
Men shirts 21,men_shirts,https://res.cloudinary.com/dblkjtndz/image/upload/v1753688085/ecommerce/men_shirts/n8mxu52cmec73pwewh7q.jpg
Men shirts 22,men_shirts,https://res.cloudinary.com/dblkjtndz/image/upload/v1753688088/ecommerce/men_shirts/xq4ntvmxt1nbdxhhxsyl.jpg
Men shirts 23,men_shirts,https://res.cloudinary.com/dblkjtndz/image/upload/v1753688090/ecommerce/men_shirts/dgebm11v5lhhwl3x3s9k.jpg
Men shirts 24,men_shirts,https://res.cloudinary.com/dblkjtndz/image/upload/v1753688092/ecommerce/men_shirts/ylohrar39w8zbguo3jd4.jpg
Men shirts 25,men_shirts,https://res.cloudinary.com/dblkjtndz/image/upload/v1753688094/ecommerce/men_shirts/tiyt2d0kniugr05wyz81.jpg
Men shirts 26,men_shirts,https://res.cloudinary.com/dblkjtndz/image/upload/v1753688095/ecommerce/men_shirts/w0m21pdxfqtqdwo3whnk.jpg
Men shirts 27,men_shirts,https://res.cloudinary.com/dblkjtndz/image/upload/v1753688097/ecommerce/men_shirts/yvsfe983at3mj3m78q1d.jpg
Men shirts 28,men_shirts,https://res.cloudinary.com/dblkjtndz/image/upload/v1753688099/ecommerce/men_shirts/nqitk3turslhjlrtlcbm.jpg
Men shirts 29,men_shirts,https://res.cloudinary.com/dblkjtndz/image/upload/v1753688100/ecommerce/men_shirts/dhwhomuhcdrk7tkwwzop.jpg
Men shirts 3,men_shirts,https://res.cloudinary.com/dblkjtndz/image/upload/v1753688102/ecommerce/men_shirts/ebr32badlfff4cqdb5wd.jpg
Men shirts 30,men_shirts,https://res.cloudinary.com/dblkjtndz/image/upload/v1753688104/ecommerce/men_shirts/frrjqyroputivolxlnco.jpg
Men shirts 31,men_shirts,https://res.cloudinary.com/dblkjtndz/image/upload/v1753688105/ecommerce/men_shirts/u0rooi7p8or8dowj7uxj.jpg
Men shirts 32,men_shirts,https://res.cloudinary.com/dblkjtndz/image/upload/v1753688107/ecommerce/men_shirts/ylk0eatligmgzyos2bo3.jpg
Men shirts 33,men_shirts,https://res.cloudinary.com/dblkjtndz/image/upload/v1753688108/ecommerce/men_shirts/ldczah0lklk3zdrk9uy0.jpg
Men shirts 34,men_shirts,https://res.cloudinary.com/dblkjtndz/image/upload/v1753688111/ecommerce/men_shirts/xcmmcxon6hjkq1v6plpx.jpg
Men shirts 35,men_shirts,https://res.cloudinary.com/dblkjtndz/image/upload/v1753688112/ecommerce/men_shirts/cuhcqgnt07a2khotkfp2.jpg
Men shirts 36,men_shirts,https://res.cloudinary.com/dblkjtndz/image/upload/v1753688114/ecommerce/men_shirts/xagi6x8oy4rjsrmmisoe.jpg
Men shirts 37,men_shirts,https://res.cloudinary.com/dblkjtndz/image/upload/v1753688116/ecommerce/men_shirts/vujop0x2lwtbx104ppu2.jpg
Men shirts 38,men_shirts,https://res.cloudinary.com/dblkjtndz/image/upload/v1753688118/ecommerce/men_shirts/xuixgvojgbd3yoopgcym.jpg
Men shirts 39,men_shirts,https://res.cloudinary.com/dblkjtndz/image/upload/v1753688120/ecommerce/men_shirts/iid5nglykxhcff7y8ivx.jpg
Men shirts 4,men_shirts,https://res.cloudinary.com/dblkjtndz/image/upload/v1753688122/ecommerce/men_shirts/rfi9cxa5ugblqvz60ynf.jpg
Men shirts 40,men_shirts,https://res.cloudinary.com/dblkjtndz/image/upload/v1753688123/ecommerce/men_shirts/wkrt4f5ohmisreldvfpz.jpg
Men shirts 41,men_shirts,https://res.cloudinary.com/dblkjtndz/image/upload/v1753688125/ecommerce/men_shirts/vzgukzpvqxrgglatmkcb.jpg
Men shirts 42,men_shirts,https://res.cloudinary.com/dblkjtndz/image/upload/v1753688127/ecommerce/men_shirts/e8dwed57870lz4skbymf.jpg
Men shirts 43,men_shirts,https://res.cloudinary.com/dblkjtndz/image/upload/v1753688128/ecommerce/men_shirts/drtrj5vynavm7t7uufgq.jpg
Men shirts 44,men_shirts,https://res.cloudinary.com/dblkjtndz/image/upload/v1753688130/ecommerce/men_shirts/sa44qwvgwhczdiyomqgo.jpg
Men shirts 45,men_shirts,https://res.cloudinary.com/dblkjtndz/image/upload/v1753688132/ecommerce/men_shirts/dwqlrbtkle98l2t1fvca.jpg
Men shirts 46,men_shirts,https://res.cloudinary.com/dblkjtndz/image/upload/v1753688133/ecommerce/men_shirts/nb70wgkoyxo8tbyolfff.jpg
Men shirts 47,men_shirts,https://res.cloudinary.com/dblkjtndz/image/upload/v1753688135/ecommerce/men_shirts/yaswd2p35j7exth57ku1.jpg
Men shirts 48,men_shirts,https://res.cloudinary.com/dblkjtndz/image/upload/v1753688137/ecommerce/men_shirts/o9vv5hg7vjiroamqinyb.jpg
Men shirts 49,men_shirts,https://res.cloudinary.com/dblkjtndz/image/upload/v1753688138/ecommerce/men_shirts/pf3cmlomuuowgxup0v41.jpg
Men shirts 5,men_shirts,https://res.cloudinary.com/dblkjtndz/image/upload/v1753688140/ecommerce/men_shirts/ydhzetlwa3elxpddiitt.jpg
Men shirts 50,men_shirts,https://res.cloudinary.com/dblkjtndz/image/upload/v1753688142/ecommerce/men_shirts/vpcfev2yr63fkoivog9v.jpg
Men shirts 51,men_shirts,https://res.cloudinary.com/dblkjtndz/image/upload/v1753688144/ecommerce/men_shirts/w2dppfrr2jcxnieeahza.jpg
Men shirts 52,men_shirts,https://res.cloudinary.com/dblkjtndz/image/upload/v1753688146/ecommerce/men_shirts/jikbudknuqqdsbjoaruv.jpg
Men shirts 53,men_shirts,https://res.cloudinary.com/dblkjtndz/image/upload/v1753688148/ecommerce/men_shirts/etiwv3v04orzppygwbp6.jpg
Men shirts 54,men_shirts,https://res.cloudinary.com/dblkjtndz/image/upload/v1753688150/ecommerce/men_shirts/trtt2usptjeubju8dp3v.jpg
Men shirts 55,men_shirts,https://res.cloudinary.com/dblkjtndz/image/upload/v1753688151/ecommerce/men_shirts/gpgidjkszq9ajpprtvks.jpg
Men shirts 56,men_shirts,https://res.cloudinary.com/dblkjtndz/image/upload/v1753688153/ecommerce/men_shirts/lml8artsylmm1gye1rdo.jpg
Men shirts 57,men_shirts,https://res.cloudinary.com/dblkjtndz/image/upload/v1753688155/ecommerce/men_shirts/r3uy5nkrzxfr11ek3o2s.jpg
Men shirts 58,men_shirts,https://res.cloudinary.com/dblkjtndz/image/upload/v1753688157/ecommerce/men_shirts/yxokp8xw5fm7mahvtg47.jpg
Men shirts 59,men_shirts,https://res.cloudinary.com/dblkjtndz/image/upload/v1753688159/ecommerce/men_shirts/gkeljnbl99pu6lyc0uiy.jpg
Men shirts 6,men_shirts,https://res.cloudinary.com/dblkjtndz/image/upload/v1753688161/ecommerce/men_shirts/hfvcg4c8afom2akmo2sb.jpg
Men shirts 60,men_shirts,https://res.cloudinary.com/dblkjtndz/image/upload/v1753688162/ecommerce/men_shirts/sfjk5ub7ye4rbwdgg5mr.jpg
Men shirts 61,men_shirts,https://res.cloudinary.com/dblkjtndz/image/upload/v1753688164/ecommerce/men_shirts/xcc42pstturyuxnodk4r.jpg
Men shirts 62,men_shirts,https://res.cloudinary.com/dblkjtndz/image/upload/v1753688166/ecommerce/men_shirts/lxcswraklxtrjv4zqeba.jpg
Men shirts 63,men_shirts,https://res.cloudinary.com/dblkjtndz/image/upload/v1753688168/ecommerce/men_shirts/cihn2knpckbpmnobe0ge.jpg
Men shirts 64,men_shirts,https://res.cloudinary.com/dblkjtndz/image/upload/v1753688170/ecommerce/men_shirts/f9dofetq3cf6iwj4vuma.jpg
Men shirts 65,men_shirts,https://res.cloudinary.com/dblkjtndz/image/upload/v1753688172/ecommerce/men_shirts/mr1emgq2llx9lavoeix9.jpg
Men shirts 66,men_shirts,https://res.cloudinary.com/dblkjtndz/image/upload/v1753688174/ecommerce/men_shirts/mdfdm4aqvkmp2tdacfc5.jpg
Men shirts 67,men_shirts,https://res.cloudinary.com/dblkjtndz/image/upload/v1753688176/ecommerce/men_shirts/ohb8axk2thzsk0npuxgv.jpg
Men shirts 68,men_shirts,https://res.cloudinary.com/dblkjtndz/image/upload/v1753688178/ecommerce/men_shirts/x7jopis12bzbhjnu1k14.jpg
Men shirts 69,men_shirts,https://res.cloudinary.com/dblkjtndz/image/upload/v1753688181/ecommerce/men_shirts/weruqhi9hvj5s8ishnzl.jpg
Men shirts 7,men_shirts,https://res.cloudinary.com/dblkjtndz/image/upload/v1753688183/ecommerce/men_shirts/p2ibxppmc1omh2xxhwxa.jpg
Men shirts 70,men_shirts,https://res.cloudinary.com/dblkjtndz/image/upload/v1753688185/ecommerce/men_shirts/la21qnn5koxv8q4avltb.jpg
Men shirts 71,men_shirts,https://res.cloudinary.com/dblkjtndz/image/upload/v1753688187/ecommerce/men_shirts/daeyb1bvxr9gceyjr8nh.jpg
Men shirts 72,men_shirts,https://res.cloudinary.com/dblkjtndz/image/upload/v1753688189/ecommerce/men_shirts/fxkziqahkqnf4mmovif5.jpg
Men shirts 73,men_shirts,https://res.cloudinary.com/dblkjtndz/image/upload/v1753688190/ecommerce/men_shirts/qobur5xu4v7xouznl6wb.jpg
Men shirts 74,men_shirts,https://res.cloudinary.com/dblkjtndz/image/upload/v1753688193/ecommerce/men_shirts/gfrgxfbqyaiqcu1vrzsg.jpg
Men shirts 75,men_shirts,https://res.cloudinary.com/dblkjtndz/image/upload/v1753688194/ecommerce/men_shirts/znjjvpzbmfbv1v4fb9kr.jpg
Men shirts 76,men_shirts,https://res.cloudinary.com/dblkjtndz/image/upload/v1753688196/ecommerce/men_shirts/zgllbbjgnmqe5bxuh8wu.jpg
Men shirts 77,men_shirts,https://res.cloudinary.com/dblkjtndz/image/upload/v1753688198/ecommerce/men_shirts/iaqkmn77srhpjh7aq8lx.jpg
Men shirts 78,men_shirts,https://res.cloudinary.com/dblkjtndz/image/upload/v1753688200/ecommerce/men_shirts/lnywskwjjwtarkqoos5f.jpg
Men shirts 79,men_shirts,https://res.cloudinary.com/dblkjtndz/image/upload/v1753688202/ecommerce/men_shirts/ehiywueafb5mdl928jhz.jpg
Men shirts 8,men_shirts,https://res.cloudinary.com/dblkjtndz/image/upload/v1753688204/ecommerce/men_shirts/pr7mavithrcsbvuqfyiz.jpg
Men shirts 80,men_shirts,https://res.cloudinary.com/dblkjtndz/image/upload/v1753688206/ecommerce/men_shirts/xfd8wc69fw41vfil8rgh.jpg
Men shirts 81,men_shirts,https://res.cloudinary.com/dblkjtndz/image/upload/v1753688208/ecommerce/men_shirts/gv267bxzret9udcw5xji.jpg
Men shirts 82,men_shirts,https://res.cloudinary.com/dblkjtndz/image/upload/v1753688210/ecommerce/men_shirts/evhu5dfqtnusfpfekr1u.jpg
Men shirts 83,men_shirts,https://res.cloudinary.com/dblkjtndz/image/upload/v1753688212/ecommerce/men_shirts/ewvrd0tbbew45o4pmd7c.jpg
Men shirts 84,men_shirts,https://res.cloudinary.com/dblkjtndz/image/upload/v1753688214/ecommerce/men_shirts/ixs6zkzacyqbjedxz5kz.jpg
Men shirts 85,men_shirts,https://res.cloudinary.com/dblkjtndz/image/upload/v1753688215/ecommerce/men_shirts/tba1cf1nvi048nc3lfok.jpg
Men shirts 86,men_shirts,https://res.cloudinary.com/dblkjtndz/image/upload/v1753688217/ecommerce/men_shirts/yjlt4rccjs4j940ua8bg.jpg
Men shirts 87,men_shirts,https://res.cloudinary.com/dblkjtndz/image/upload/v1753688219/ecommerce/men_shirts/lqbvy1jhmlchwdarkvue.jpg
Men shirts 88,men_shirts,https://res.cloudinary.com/dblkjtndz/image/upload/v1753688221/ecommerce/men_shirts/teeploa0bw0kkeo5ogvj.jpg
Men shirts 89,men_shirts,https://res.cloudinary.com/dblkjtndz/image/upload/v1753688223/ecommerce/men_shirts/l2ibrl30hbrdhol8rbcz.jpg
Men shirts 9,men_shirts,https://res.cloudinary.com/dblkjtndz/image/upload/v1753688225/ecommerce/men_shirts/armvdqop3udxu5gcjzcm.jpg
Men shirts 90,men_shirts,https://res.cloudinary.com/dblkjtndz/image/upload/v1753688227/ecommerce/men_shirts/bp9zwawstjgifopwpw9b.jpg
Men shirts 91,men_shirts,https://res.cloudinary.com/dblkjtndz/image/upload/v1753688228/ecommerce/men_shirts/tutxv1vrzbwe0jkwofpi.jpg
Men shirts 92,men_shirts,https://res.cloudinary.com/dblkjtndz/image/upload/v1753688230/ecommerce/men_shirts/rgrljbwe4pzx1zageavk.jpg
Men shirts 93,men_shirts,https://res.cloudinary.com/dblkjtndz/image/upload/v1753688232/ecommerce/men_shirts/ongeec9hkqbf5dqg0ese.jpg
Men shirts 94,men_shirts,https://res.cloudinary.com/dblkjtndz/image/upload/v1753688234/ecommerce/men_shirts/fcacspxtqq7xjoywgmqq.jpg
Men shirts 95,men_shirts,https://res.cloudinary.com/dblkjtndz/image/upload/v1753688236/ecommerce/men_shirts/efltzd33lxpbzcrgzrtx.jpg
Men shirts 96,men_shirts,https://res.cloudinary.com/dblkjtndz/image/upload/v1753688238/ecommerce/men_shirts/a0oa7gkz9kbpy8vfiv1g.jpg
Men shirts 97,men_shirts,https://res.cloudinary.com/dblkjtndz/image/upload/v1753688239/ecommerce/men_shirts/cz3oc6mbdkeawqzrvz3g.jpg
Phones 0,phones,https://res.cloudinary.com/dblkjtndz/image/upload/v1753688241/ecommerce/phones/p2nlldye7zscde6gvuhx.jpg
Phones 1,phones,https://res.cloudinary.com/dblkjtndz/image/upload/v1753688243/ecommerce/phones/mb2a82d5faqccmimyl22.jpg
Phones 10,phones,https://res.cloudinary.com/dblkjtndz/image/upload/v1753688244/ecommerce/phones/ddpnv50wtql5cosmtcbi.jpg
Phones 11,phones,https://res.cloudinary.com/dblkjtndz/image/upload/v1753688246/ecommerce/phones/hkvawb5mcrgc9at5tqky.jpg
Phones 12,phones,https://res.cloudinary.com/dblkjtndz/image/upload/v1753688248/ecommerce/phones/ze4zkpir4pnuvoy0bpnu.jpg
Phones 13,phones,https://res.cloudinary.com/dblkjtndz/image/upload/v1753688249/ecommerce/phones/v59bzlvodellfrzit188.jpg
Phones 14,phones,https://res.cloudinary.com/dblkjtndz/image/upload/v1753688251/ecommerce/phones/lj9mzassmztgzqay30xm.jpg
Phones 15,phones,https://res.cloudinary.com/dblkjtndz/image/upload/v1753688252/ecommerce/phones/fjkzgwkc11gihbfibaxq.jpg
Phones 16,phones,https://res.cloudinary.com/dblkjtndz/image/upload/v1753688254/ecommerce/phones/sw8tj36lyji0li6jxmfy.jpg
Phones 17,phones,https://res.cloudinary.com/dblkjtndz/image/upload/v1753688256/ecommerce/phones/oc3edouovgai6ey3lkwc.jpg
Phones 18,phones,https://res.cloudinary.com/dblkjtndz/image/upload/v1753688258/ecommerce/phones/lqefwg1ny5flfbikjbxi.jpg
Phones 19,phones,https://res.cloudinary.com/dblkjtndz/image/upload/v1753688260/ecommerce/phones/jnkt0fvdquxhq6b7jxul.jpg
Phones 2,phones,https://res.cloudinary.com/dblkjtndz/image/upload/v1753688261/ecommerce/phones/lb5rxvmsbyxnezh7vzgk.jpg
Phones 20,phones,https://res.cloudinary.com/dblkjtndz/image/upload/v1753688263/ecommerce/phones/qssbiejkh6ip4pi9rjya.jpg
Phones 21,phones,https://res.cloudinary.com/dblkjtndz/image/upload/v1753688264/ecommerce/phones/qu6lmhqb01inuej0axc5.jpg
Phones 22,phones,https://res.cloudinary.com/dblkjtndz/image/upload/v1753688266/ecommerce/phones/rj9dtuwvyacjm7z1dml9.jpg
Phones 23,phones,https://res.cloudinary.com/dblkjtndz/image/upload/v1753688268/ecommerce/phones/ttg2mwr5c4gvgjg8v3q5.jpg
Phones 24,phones,https://res.cloudinary.com/dblkjtndz/image/upload/v1753688271/ecommerce/phones/vzugtahblyikpr9yspkh.jpg
Phones 25,phones,https://res.cloudinary.com/dblkjtndz/image/upload/v1753688272/ecommerce/phones/peubpoyayw1pgcxie4th.jpg
Phones 26,phones,https://res.cloudinary.com/dblkjtndz/image/upload/v1753688273/ecommerce/phones/sqtfrp5r9zjttydiwvbt.jpg
Phones 27,phones,https://res.cloudinary.com/dblkjtndz/image/upload/v1753688275/ecommerce/phones/m2xtdx9usrrqdaxa12ki.jpg
Phones 28,phones,https://res.cloudinary.com/dblkjtndz/image/upload/v1753688277/ecommerce/phones/gmojy07kvzmxoa9ykeaa.jpg
Phones 29,phones,https://res.cloudinary.com/dblkjtndz/image/upload/v1753688278/ecommerce/phones/av4morijfu31ldvsqj6n.jpg
Phones 3,phones,https://res.cloudinary.com/dblkjtndz/image/upload/v1753688280/ecommerce/phones/ptkqelpojmofoakxrkdi.jpg
Phones 30,phones,https://res.cloudinary.com/dblkjtndz/image/upload/v1753688282/ecommerce/phones/hgtcswc9rcedals395yt.jpg
Phones 31,phones,https://res.cloudinary.com/dblkjtndz/image/upload/v1753688283/ecommerce/phones/rjqvxuiv7d5yh634ka9d.jpg
Phones 32,phones,https://res.cloudinary.com/dblkjtndz/image/upload/v1753688285/ecommerce/phones/fyr1msrie5wtfwdow0ic.jpg
Phones 33,phones,https://res.cloudinary.com/dblkjtndz/image/upload/v1753688287/ecommerce/phones/iatdkklbaus5n9rk7ycb.jpg
Phones 34,phones,https://res.cloudinary.com/dblkjtndz/image/upload/v1753688288/ecommerce/phones/ynj4fgpuahommacfdde6.jpg
Phones 35,phones,https://res.cloudinary.com/dblkjtndz/image/upload/v1753688290/ecommerce/phones/k0ohci36u6bvyxydr4qg.jpg
Phones 36,phones,https://res.cloudinary.com/dblkjtndz/image/upload/v1753688292/ecommerce/phones/avf2tqptq8odmxyngfam.jpg
Phones 37,phones,https://res.cloudinary.com/dblkjtndz/image/upload/v1753688295/ecommerce/phones/tv0skjvapzhymdpvh48m.jpg
Phones 38,phones,https://res.cloudinary.com/dblkjtndz/image/upload/v1753688297/ecommerce/phones/nlngfn6mf24wt29sxlgc.jpg
Phones 39,phones,https://res.cloudinary.com/dblkjtndz/image/upload/v1753688298/ecommerce/phones/jwqpsrgtfkijdhmjupcv.jpg
Phones 4,phones,https://res.cloudinary.com/dblkjtndz/image/upload/v1753688300/ecommerce/phones/jnmojiazeoszn48vrnx5.jpg
Phones 40,phones,https://res.cloudinary.com/dblkjtndz/image/upload/v1753688302/ecommerce/phones/rcdywr14syy0c7h4wiup.jpg
Phones 41,phones,https://res.cloudinary.com/dblkjtndz/image/upload/v1753688304/ecommerce/phones/nylkcomkjpb3hjkjv0cw.jpg
Phones 42,phones,https://res.cloudinary.com/dblkjtndz/image/upload/v1753688306/ecommerce/phones/bypkzkpzevafytespchp.jpg
Phones 43,phones,https://res.cloudinary.com/dblkjtndz/image/upload/v1753688308/ecommerce/phones/qgjenqgzr4mux2wd4utd.jpg
Phones 44,phones,https://res.cloudinary.com/dblkjtndz/image/upload/v1753688309/ecommerce/phones/wkrvwwbnn3ncb3ewlbip.jpg
Phones 45,phones,https://res.cloudinary.com/dblkjtndz/image/upload/v1753688311/ecommerce/phones/xpmmyfftuvhn7cq8txa2.jpg
Phones 46,phones,https://res.cloudinary.com/dblkjtndz/image/upload/v1753688312/ecommerce/phones/xn35qh80szmzrgupa4fi.jpg
Phones 47,phones,https://res.cloudinary.com/dblkjtndz/image/upload/v1753688314/ecommerce/phones/ymdmwfbcwnnkpmw6lpcp.jpg
Phones 48,phones,https://res.cloudinary.com/dblkjtndz/image/upload/v1753688316/ecommerce/phones/tgzm8kxognghidj2giwb.jpg
Phones 49,phones,https://res.cloudinary.com/dblkjtndz/image/upload/v1753688318/ecommerce/phones/vldkqfimhmuqlu6j4df4.jpg
Phones 5,phones,https://res.cloudinary.com/dblkjtndz/image/upload/v1753688319/ecommerce/phones/uwrgqgiqruqpql2jhoxn.jpg
Phones 50,phones,https://res.cloudinary.com/dblkjtndz/image/upload/v1753688321/ecommerce/phones/zmjkf7h2dp8h4r6frw3v.jpg
Phones 51,phones,https://res.cloudinary.com/dblkjtndz/image/upload/v1753688323/ecommerce/phones/xbtbo5wpmxegtinoua9a.jpg
Phones 52,phones,https://res.cloudinary.com/dblkjtndz/image/upload/v1753688325/ecommerce/phones/sx0dgioghlcjeydxg3pc.jpg
Phones 53,phones,https://res.cloudinary.com/dblkjtndz/image/upload/v1753688327/ecommerce/phones/ckdtzcdvk17k81onwyck.jpg
Phones 54,phones,https://res.cloudinary.com/dblkjtndz/image/upload/v1753688329/ecommerce/phones/cui4yfcf1waso7rkmi4a.jpg
Phones 55,phones,https://res.cloudinary.com/dblkjtndz/image/upload/v1753688331/ecommerce/phones/srh8tqzxmgqsmvfkucdo.jpg
Phones 56,phones,https://res.cloudinary.com/dblkjtndz/image/upload/v1753688332/ecommerce/phones/udyhkxvcvhrig9ycuigj.jpg
Phones 57,phones,https://res.cloudinary.com/dblkjtndz/image/upload/v1753688334/ecommerce/phones/ehehsmwr4xcowwrnyy3y.jpg
Phones 58,phones,https://res.cloudinary.com/dblkjtndz/image/upload/v1753688336/ecommerce/phones/zcz3wd7qnutkirmsxpki.jpg
Phones 59,phones,https://res.cloudinary.com/dblkjtndz/image/upload/v1753688337/ecommerce/phones/nhuadhmyptqji4vqk3cj.jpg
Phones 6,phones,https://res.cloudinary.com/dblkjtndz/image/upload/v1753688339/ecommerce/phones/gms76zas73dvc8lueaat.jpg
Phones 60,phones,https://res.cloudinary.com/dblkjtndz/image/upload/v1753688341/ecommerce/phones/fbbk2jlzc6cpyfboi6ry.jpg
Phones 61,phones,https://res.cloudinary.com/dblkjtndz/image/upload/v1753688342/ecommerce/phones/kp5arypityznvsnvnvqg.jpg
Phones 62,phones,https://res.cloudinary.com/dblkjtndz/image/upload/v1753688344/ecommerce/phones/os01doobcrgdj8neswzg.jpg
Phones 63,phones,https://res.cloudinary.com/dblkjtndz/image/upload/v1753688346/ecommerce/phones/k97bdbjfld4s9ncusdvs.jpg
Phones 64,phones,https://res.cloudinary.com/dblkjtndz/image/upload/v1753688348/ecommerce/phones/savbpfwazw2m523kvdaa.jpg
Phones 65,phones,https://res.cloudinary.com/dblkjtndz/image/upload/v1753688351/ecommerce/phones/cjyctjwbs7afwmtzbsp9.jpg
Phones 66,phones,https://res.cloudinary.com/dblkjtndz/image/upload/v1753688352/ecommerce/phones/xvkhkwqogfwf98meg0j7.jpg
Phones 67,phones,https://res.cloudinary.com/dblkjtndz/image/upload/v1753688354/ecommerce/phones/flgfcl6i6wewsg2mnrof.jpg
Phones 68,phones,https://res.cloudinary.com/dblkjtndz/image/upload/v1753688356/ecommerce/phones/ag76be9bb34cncvdgzfv.jpg
Phones 69,phones,https://res.cloudinary.com/dblkjtndz/image/upload/v1753688358/ecommerce/phones/n1o3iksfhdoiiuljbe1n.jpg
Phones 7,phones,https://res.cloudinary.com/dblkjtndz/image/upload/v1753688359/ecommerce/phones/qvcywa1pi4n0ilmnbmrk.jpg
Phones 70,phones,https://res.cloudinary.com/dblkjtndz/image/upload/v1753688361/ecommerce/phones/emmq2gwjxgmutkup8rjm.jpg
Phones 71,phones,https://res.cloudinary.com/dblkjtndz/image/upload/v1753688363/ecommerce/phones/dbomqfmydh3a4qtmqq20.jpg
Phones 72,phones,https://res.cloudinary.com/dblkjtndz/image/upload/v1753688364/ecommerce/phones/ljpw9q6k1t1hy2g6uy2f.jpg
Phones 73,phones,https://res.cloudinary.com/dblkjtndz/image/upload/v1753688366/ecommerce/phones/jjvbhmpr0erah6zlxua5.jpg
Phones 74,phones,https://res.cloudinary.com/dblkjtndz/image/upload/v1753688368/ecommerce/phones/z15zk01o7q18eowtaczl.jpg
Phones 75,phones,https://res.cloudinary.com/dblkjtndz/image/upload/v1753688369/ecommerce/phones/fwu218afie9f0zyap5bb.jpg
Phones 76,phones,https://res.cloudinary.com/dblkjtndz/image/upload/v1753688370/ecommerce/phones/bzmpvginkeqx8vgnoxzu.jpg
Phones 77,phones,https://res.cloudinary.com/dblkjtndz/image/upload/v1753688372/ecommerce/phones/qsexnhcwopmuvgzddoxe.jpg
Phones 78,phones,https://res.cloudinary.com/dblkjtndz/image/upload/v1753688373/ecommerce/phones/kpk05v2rlv0mb8uqrtfb.jpg
Phones 79,phones,https://res.cloudinary.com/dblkjtndz/image/upload/v1753688377/ecommerce/phones/qfi9wi7jpuzbuq6qhfox.jpg
Phones 8,phones,https://res.cloudinary.com/dblkjtndz/image/upload/v1753688378/ecommerce/phones/uoksjymwmlyjynnofctb.jpg
Phones 80,phones,https://res.cloudinary.com/dblkjtndz/image/upload/v1753688381/ecommerce/phones/aiur90z71zypznwcdkj1.jpg
Phones 81,phones,https://res.cloudinary.com/dblkjtndz/image/upload/v1753688383/ecommerce/phones/zh95rjfrp8wivaoit5wi.jpg
Phones 82,phones,https://res.cloudinary.com/dblkjtndz/image/upload/v1753688384/ecommerce/phones/skiagr7fglfweygfumuo.jpg
Phones 83,phones,https://res.cloudinary.com/dblkjtndz/image/upload/v1753688386/ecommerce/phones/kh5uizdbkuxfcmjp2vkh.jpg
Phones 84,phones,https://res.cloudinary.com/dblkjtndz/image/upload/v1753688388/ecommerce/phones/ayvbrw61a94ztmu9i6la.jpg
Phones 85,phones,https://res.cloudinary.com/dblkjtndz/image/upload/v1753688390/ecommerce/phones/z4xjshlo3p5pohdwuuks.jpg
Phones 86,phones,https://res.cloudinary.com/dblkjtndz/image/upload/v1753688391/ecommerce/phones/ylqh95mucdyjxumxk317.jpg
Phones 87,phones,https://res.cloudinary.com/dblkjtndz/image/upload/v1753688393/ecommerce/phones/vh5dcgxahhzkgbfpljsq.jpg
Phones 88,phones,https://res.cloudinary.com/dblkjtndz/image/upload/v1753688395/ecommerce/phones/tuhkoby8eqlsgycqjiea.jpg
Phones 89,phones,https://res.cloudinary.com/dblkjtndz/image/upload/v1753688396/ecommerce/phones/sivf6vrnaflksdngemmw.jpg
Phones 9,phones,https://res.cloudinary.com/dblkjtndz/image/upload/v1753688398/ecommerce/phones/lvod6ihycpcpwtphfab2.jpg
Phones 90,phones,https://res.cloudinary.com/dblkjtndz/image/upload/v1753688399/ecommerce/phones/kj6kzrkvofaugb7kbdfg.jpg
Phones 91,phones,https://res.cloudinary.com/dblkjtndz/image/upload/v1753688401/ecommerce/phones/n99hztjhwflh9xk45rdg.jpg
Phones 92,phones,https://res.cloudinary.com/dblkjtndz/image/upload/v1753688403/ecommerce/phones/nnczgd7lc2iirmmnd108.jpg
Phones 93,phones,https://res.cloudinary.com/dblkjtndz/image/upload/v1753688405/ecommerce/phones/u3wzctf9nmrh9msqj3ea.jpg
Phones 94,phones,https://res.cloudinary.com/dblkjtndz/image/upload/v1753688406/ecommerce/phones/tohwsqqsqns9ddb2jtlv.jpg
Phones 95,phones,https://res.cloudinary.com/dblkjtndz/image/upload/v1753688408/ecommerce/phones/ajr4nt22vsapbhpsa68r.jpg
Phones 96,phones,https://res.cloudinary.com/dblkjtndz/image/upload/v1753688410/ecommerce/phones/bodxvkchshqg15p1ooc9.jpg
Phones 97,phones,https://res.cloudinary.com/dblkjtndz/image/upload/v1753688412/ecommerce/phones/pu6pkza3rjkfmynqk87i.jpg
Phones 98,phones,https://res.cloudinary.com/dblkjtndz/image/upload/v1753688414/ecommerce/phones/wfnovkwrtoafgpdy3sfc.jpg
Phones 99,phones,https://res.cloudinary.com/dblkjtndz/image/upload/v1753688416/ecommerce/phones/l8uyilsnk8yn2dcxzpxx.jpg
Shoes 0,shoes,https://res.cloudinary.com/dblkjtndz/image/upload/v1753688418/ecommerce/shoes/d4q1z7zuwuq5oz8ar2pg.jpg
Shoes 1,shoes,https://res.cloudinary.com/dblkjtndz/image/upload/v1753688420/ecommerce/shoes/j8bnwmdld4suaagz3sun.jpg
Shoes 10,shoes,https://res.cloudinary.com/dblkjtndz/image/upload/v1753688421/ecommerce/shoes/docitfurqpfij8xzsnrj.jpg
Shoes 11,shoes,https://res.cloudinary.com/dblkjtndz/image/upload/v1753688423/ecommerce/shoes/bp45apwkfoy8bem8pgpi.jpg
Shoes 12,shoes,https://res.cloudinary.com/dblkjtndz/image/upload/v1753688425/ecommerce/shoes/yr2y7fuhveej4tmyf0fz.jpg
Shoes 13,shoes,https://res.cloudinary.com/dblkjtndz/image/upload/v1753688427/ecommerce/shoes/b69hpovldtn9e8i0hf9r.jpg
Shoes 2,shoes,https://res.cloudinary.com/dblkjtndz/image/upload/v1753688428/ecommerce/shoes/es8kcuijma954net4zxn.jpg
Shoes 3,shoes,https://res.cloudinary.com/dblkjtndz/image/upload/v1753688430/ecommerce/shoes/kctoknxuqmtbgnrwy6lr.jpg
Shoes 4,shoes,https://res.cloudinary.com/dblkjtndz/image/upload/v1753688432/ecommerce/shoes/xkgmlq31vv68e858uhsk.jpg
Shoes 5,shoes,https://res.cloudinary.com/dblkjtndz/image/upload/v1753688433/ecommerce/shoes/yfiqimgfqe0m6wu8bswk.jpg
Shoes 6,shoes,https://res.cloudinary.com/dblkjtndz/image/upload/v1753688435/ecommerce/shoes/wkmv4fjahjrjruns67az.jpg
Shoes 7,shoes,https://res.cloudinary.com/dblkjtndz/image/upload/v1753688437/ecommerce/shoes/m4idzlgpyovl4wjbgp7e.jpg
Shoes 8,shoes,https://res.cloudinary.com/dblkjtndz/image/upload/v1753688439/ecommerce/shoes/xvqypfz1jcbjvsnhdhr8.jpg
Shoes 9,shoes,https://res.cloudinary.com/dblkjtndz/image/upload/v1753688441/ecommerce/shoes/zqfzst9euwo4h55nfdwe.jpg
Televisions 0,televisions,https://res.cloudinary.com/dblkjtndz/image/upload/v1753688443/ecommerce/televisions/trlp6ugmklayfa8b7g8y.jpg
Televisions 1,televisions,https://res.cloudinary.com/dblkjtndz/image/upload/v1753688446/ecommerce/televisions/h1ow4rbhukoxxouxa7fz.jpg
Televisions 10,televisions,https://res.cloudinary.com/dblkjtndz/image/upload/v1753688448/ecommerce/televisions/grpoqoabcmn8atsl6ogy.jpg
Televisions 11,televisions,https://res.cloudinary.com/dblkjtndz/image/upload/v1753688450/ecommerce/televisions/yntwzlzjpyi8kkdtx5zz.jpg
Televisions 12,televisions,https://res.cloudinary.com/dblkjtndz/image/upload/v1753688452/ecommerce/televisions/fpme5pk6dpqocfeqbhvg.jpg
Televisions 13,televisions,https://res.cloudinary.com/dblkjtndz/image/upload/v1753688454/ecommerce/televisions/hss2q5iwnd79fnrc0je9.jpg
Televisions 14,televisions,https://res.cloudinary.com/dblkjtndz/image/upload/v1753688456/ecommerce/televisions/r3qzkpsomeenij8l31ss.jpg
Televisions 15,televisions,https://res.cloudinary.com/dblkjtndz/image/upload/v1753688458/ecommerce/televisions/ugnzoatdeh0lqvycvobh.jpg
Televisions 16,televisions,https://res.cloudinary.com/dblkjtndz/image/upload/v1753688460/ecommerce/televisions/wznecuewrz2afv0ougen.jpg
Televisions 17,televisions,https://res.cloudinary.com/dblkjtndz/image/upload/v1753688462/ecommerce/televisions/jams9eizgj3ba6fki17z.jpg
Televisions 18,televisions,https://res.cloudinary.com/dblkjtndz/image/upload/v1753688463/ecommerce/televisions/gniwgxowbfuuc6mj9xsi.jpg
Televisions 19,televisions,https://res.cloudinary.com/dblkjtndz/image/upload/v1753688465/ecommerce/televisions/vilmahwvxributoleb8k.jpg
Televisions 2,televisions,https://res.cloudinary.com/dblkjtndz/image/upload/v1753688467/ecommerce/televisions/ypdwjkrijselbsj9kdzg.jpg
Televisions 20,televisions,https://res.cloudinary.com/dblkjtndz/image/upload/v1753688469/ecommerce/televisions/zjwpot6lpucmgiwwfoet.jpg
Televisions 21,televisions,https://res.cloudinary.com/dblkjtndz/image/upload/v1753688471/ecommerce/televisions/hpxnxl6ftmxffzw2s1ik.jpg
Televisions 22,televisions,https://res.cloudinary.com/dblkjtndz/image/upload/v1753688473/ecommerce/televisions/hfiwrfdvt0qoiqrqlwmr.jpg
Televisions 23,televisions,https://res.cloudinary.com/dblkjtndz/image/upload/v1753688475/ecommerce/televisions/mgsxexpkx2idzsaae2n2.jpg
Televisions 24,televisions,https://res.cloudinary.com/dblkjtndz/image/upload/v1753688477/ecommerce/televisions/xwhkahokd9k6g9iuk32p.jpg
Televisions 25,televisions,https://res.cloudinary.com/dblkjtndz/image/upload/v1753688479/ecommerce/televisions/etbuqfo5u2muiu1gsheh.jpg
Televisions 26,televisions,https://res.cloudinary.com/dblkjtndz/image/upload/v1753688480/ecommerce/televisions/ac4dlcnfnm8kyrhihtat.jpg
Televisions 27,televisions,https://res.cloudinary.com/dblkjtndz/image/upload/v1753688482/ecommerce/televisions/owukc8veixe9kwcnva0e.jpg
Televisions 28,televisions,https://res.cloudinary.com/dblkjtndz/image/upload/v1753688484/ecommerce/televisions/ajlosu0g6hvvff5yjoix.jpg
Televisions 29,televisions,https://res.cloudinary.com/dblkjtndz/image/upload/v1753688485/ecommerce/televisions/bfwf7ownsdi0di9ni9k8.jpg
Televisions 3,televisions,https://res.cloudinary.com/dblkjtndz/image/upload/v1753688488/ecommerce/televisions/vlqix2cou0v2spqr3wrc.jpg
Televisions 30,televisions,https://res.cloudinary.com/dblkjtndz/image/upload/v1753688489/ecommerce/televisions/pbndyzwo3vg9k5y6odfu.jpg
Televisions 31,televisions,https://res.cloudinary.com/dblkjtndz/image/upload/v1753688492/ecommerce/televisions/g9es5pv5lootqc2vi4f2.jpg
Televisions 32,televisions,https://res.cloudinary.com/dblkjtndz/image/upload/v1753688494/ecommerce/televisions/wv79fh17wspu7gwlbux9.jpg
Televisions 33,televisions,https://res.cloudinary.com/dblkjtndz/image/upload/v1753688495/ecommerce/televisions/wbtynrqgzfftyukbxnpr.jpg
Televisions 34,televisions,https://res.cloudinary.com/dblkjtndz/image/upload/v1753688497/ecommerce/televisions/rnrkpsig014tnlffnc9x.jpg
Televisions 35,televisions,https://res.cloudinary.com/dblkjtndz/image/upload/v1753688499/ecommerce/televisions/gdrgfjpluvxeblqbzkvl.jpg
Televisions 36,televisions,https://res.cloudinary.com/dblkjtndz/image/upload/v1753688501/ecommerce/televisions/hx8kqdnfcmoqmptigvst.jpg
Televisions 37,televisions,https://res.cloudinary.com/dblkjtndz/image/upload/v1753688503/ecommerce/televisions/jytrfzpdi4y06e43lm2m.jpg
Televisions 38,televisions,https://res.cloudinary.com/dblkjtndz/image/upload/v1753688505/ecommerce/televisions/krqlw3svocuwdtuu8z2h.jpg
Televisions 39,televisions,https://res.cloudinary.com/dblkjtndz/image/upload/v1753688507/ecommerce/televisions/tpwsvonnthtahipeumei.jpg
Televisions 4,televisions,https://res.cloudinary.com/dblkjtndz/image/upload/v1753688509/ecommerce/televisions/gbxrn3wqrlytyngi61gp.jpg
Televisions 40,televisions,https://res.cloudinary.com/dblkjtndz/image/upload/v1753688511/ecommerce/televisions/ozqwhtmnkch5ymmyafua.jpg
Televisions 41,televisions,https://res.cloudinary.com/dblkjtndz/image/upload/v1753688513/ecommerce/televisions/qolxnilvd4dl0q5u6b6d.jpg
Televisions 42,televisions,https://res.cloudinary.com/dblkjtndz/image/upload/v1753688515/ecommerce/televisions/lnrqx4k21bkvoww1hpw6.jpg
Televisions 43,televisions,https://res.cloudinary.com/dblkjtndz/image/upload/v1753688517/ecommerce/televisions/wudxnhwcsjcbhp5sbezq.jpg
Televisions 44,televisions,https://res.cloudinary.com/dblkjtndz/image/upload/v1753688519/ecommerce/televisions/f4nbv6yp263yja8ojgan.jpg
Televisions 45,televisions,https://res.cloudinary.com/dblkjtndz/image/upload/v1753688521/ecommerce/televisions/ybhq96ytfdcnqvignwp5.jpg
Televisions 46,televisions,https://res.cloudinary.com/dblkjtndz/image/upload/v1753688522/ecommerce/televisions/nhzo2ceiq60ewqplpsv0.jpg
Televisions 47,televisions,https://res.cloudinary.com/dblkjtndz/image/upload/v1753688524/ecommerce/televisions/p7ndywdukwav1jzxtakx.jpg
Televisions 48,televisions,https://res.cloudinary.com/dblkjtndz/image/upload/v1753688526/ecommerce/televisions/ru97m47cf1enri2foyku.jpg
Televisions 49,televisions,https://res.cloudinary.com/dblkjtndz/image/upload/v1753688528/ecommerce/televisions/dzlgmu4lgac840e0qcuy.jpg
Televisions 5,televisions,https://res.cloudinary.com/dblkjtndz/image/upload/v1753688530/ecommerce/televisions/puvnackqo7nhagxklwma.jpg
Televisions 50,televisions,https://res.cloudinary.com/dblkjtndz/image/upload/v1753688532/ecommerce/televisions/jnfnwumgtowfhfgh11zb.jpg
Televisions 51,televisions,https://res.cloudinary.com/dblkjtndz/image/upload/v1753688534/ecommerce/televisions/th4g85xuyxsb6ihgz1mg.jpg
Televisions 52,televisions,https://res.cloudinary.com/dblkjtndz/image/upload/v1753688536/ecommerce/televisions/uykqgooflflfcgpszjit.jpg
Televisions 53,televisions,https://res.cloudinary.com/dblkjtndz/image/upload/v1753688539/ecommerce/televisions/yi5xsgxwvbu8rg7qbqso.jpg
Televisions 54,televisions,https://res.cloudinary.com/dblkjtndz/image/upload/v1753688540/ecommerce/televisions/cbgmcjeufvj5uhvguyhe.jpg
Televisions 6,televisions,https://res.cloudinary.com/dblkjtndz/image/upload/v1753688542/ecommerce/televisions/vshqffz0zlvq8e7e5w7m.jpg
Televisions 7,televisions,https://res.cloudinary.com/dblkjtndz/image/upload/v1753688544/ecommerce/televisions/urnllxtt36atf9p10t6w.jpg
Televisions 8,televisions,https://res.cloudinary.com/dblkjtndz/image/upload/v1753688546/ecommerce/televisions/flvxw8d73wpih3ipv0zg.jpg
Televisions 9,televisions,https://res.cloudinary.com/dblkjtndz/image/upload/v1753688548/ecommerce/televisions/xo1b258lsoehaecgwfej.jpg
Women dresses 0,women_dresses,https://res.cloudinary.com/dblkjtndz/image/upload/v1753688550/ecommerce/women_dresses/fxrhtdvaj2owjepg7ji0.jpg
Women dresses 1,women_dresses,https://res.cloudinary.com/dblkjtndz/image/upload/v1753688552/ecommerce/women_dresses/n86ce7qmth35h9cpqj0i.jpg
Women dresses 10,women_dresses,https://res.cloudinary.com/dblkjtndz/image/upload/v1753688554/ecommerce/women_dresses/btfwhlts0ytvykvv9jio.jpg
Women dresses 11,women_dresses,https://res.cloudinary.com/dblkjtndz/image/upload/v1753688556/ecommerce/women_dresses/n70rkiqejlctbddyylaw.jpg
Women dresses 12,women_dresses,https://res.cloudinary.com/dblkjtndz/image/upload/v1753688557/ecommerce/women_dresses/w3ctjzmfzn7p66tuef5d.jpg
Women dresses 13,women_dresses,https://res.cloudinary.com/dblkjtndz/image/upload/v1753688559/ecommerce/women_dresses/bofxudmvfe5ptk383a4z.jpg
Women dresses 14,women_dresses,https://res.cloudinary.com/dblkjtndz/image/upload/v1753688561/ecommerce/women_dresses/uflteizmlcjkyfuskv9a.jpg
Women dresses 15,women_dresses,https://res.cloudinary.com/dblkjtndz/image/upload/v1753688563/ecommerce/women_dresses/kt7ululbogczfbhxntmy.jpg
Women dresses 16,women_dresses,https://res.cloudinary.com/dblkjtndz/image/upload/v1753688566/ecommerce/women_dresses/zz5tykh0e5vruztgybkx.jpg
Women dresses 17,women_dresses,https://res.cloudinary.com/dblkjtndz/image/upload/v1753688567/ecommerce/women_dresses/efmrydeddxf13bevdfw6.jpg
Women dresses 18,women_dresses,https://res.cloudinary.com/dblkjtndz/image/upload/v1753688569/ecommerce/women_dresses/fclmgfgotisv8vr6pxyy.jpg
Women dresses 19,women_dresses,https://res.cloudinary.com/dblkjtndz/image/upload/v1753688571/ecommerce/women_dresses/ppuw5p74mejo81wpltca.jpg
Women dresses 2,women_dresses,https://res.cloudinary.com/dblkjtndz/image/upload/v1753688572/ecommerce/women_dresses/xkfexywnaeoii1mxspko.jpg
Women dresses 20,women_dresses,https://res.cloudinary.com/dblkjtndz/image/upload/v1753688574/ecommerce/women_dresses/t0jzuhexqx8icqyfdpo0.jpg
Women dresses 21,women_dresses,https://res.cloudinary.com/dblkjtndz/image/upload/v1753688576/ecommerce/women_dresses/zhfq2lu7jzjyilyvir9s.jpg
Women dresses 22,women_dresses,https://res.cloudinary.com/dblkjtndz/image/upload/v1753688578/ecommerce/women_dresses/i88nakf8kffzrg8juhsa.jpg
Women dresses 23,women_dresses,https://res.cloudinary.com/dblkjtndz/image/upload/v1753688580/ecommerce/women_dresses/hkw1qqfjbksv1bbt5bly.jpg
Women dresses 24,women_dresses,https://res.cloudinary.com/dblkjtndz/image/upload/v1753688582/ecommerce/women_dresses/m0mqygjmmapx2spv0txq.jpg
Women dresses 25,women_dresses,https://res.cloudinary.com/dblkjtndz/image/upload/v1753688583/ecommerce/women_dresses/ygqxwkwedi3gxmtedeen.jpg
Women dresses 26,women_dresses,https://res.cloudinary.com/dblkjtndz/image/upload/v1753688585/ecommerce/women_dresses/jgzenvasxzoc6ockbrnu.jpg
Women dresses 27,women_dresses,https://res.cloudinary.com/dblkjtndz/image/upload/v1753688587/ecommerce/women_dresses/aa7ycw0cghrkgxfjsqb1.jpg
Women dresses 28,women_dresses,https://res.cloudinary.com/dblkjtndz/image/upload/v1753688589/ecommerce/women_dresses/zzxofofzuu0pa5cgr2a8.jpg
Women dresses 29,women_dresses,https://res.cloudinary.com/dblkjtndz/image/upload/v1753688591/ecommerce/women_dresses/j3vfkp048skquubh0fmd.jpg
Women dresses 3,women_dresses,https://res.cloudinary.com/dblkjtndz/image/upload/v1753688592/ecommerce/women_dresses/zbsneflb3gjaqdcjbiq8.jpg
Women dresses 30,women_dresses,https://res.cloudinary.com/dblkjtndz/image/upload/v1753688594/ecommerce/women_dresses/hfmcy4b8fbvauukmbnaz.jpg
Women dresses 31,women_dresses,https://res.cloudinary.com/dblkjtndz/image/upload/v1753688596/ecommerce/women_dresses/ckbcffiwiexfbdytzzoc.jpg
Women dresses 32,women_dresses,https://res.cloudinary.com/dblkjtndz/image/upload/v1753688597/ecommerce/women_dresses/qaon3fi225xmjumxubcr.jpg
Women dresses 33,women_dresses,https://res.cloudinary.com/dblkjtndz/image/upload/v1753688599/ecommerce/women_dresses/fbbsmp75ra2etmy8ik1j.jpg
Women dresses 34,women_dresses,https://res.cloudinary.com/dblkjtndz/image/upload/v1753688600/ecommerce/women_dresses/lr8cgvggqnnsfxbtflw5.jpg
Women dresses 35,women_dresses,https://res.cloudinary.com/dblkjtndz/image/upload/v1753688603/ecommerce/women_dresses/qrljriotnifradwfc2d8.jpg
Women dresses 36,women_dresses,https://res.cloudinary.com/dblkjtndz/image/upload/v1753688605/ecommerce/women_dresses/w3x9nroyjwsoriznfnz7.jpg
Women dresses 37,women_dresses,https://res.cloudinary.com/dblkjtndz/image/upload/v1753688607/ecommerce/women_dresses/vdyyc3smokiwtvjvoki7.jpg
Women dresses 38,women_dresses,https://res.cloudinary.com/dblkjtndz/image/upload/v1753688608/ecommerce/women_dresses/rlrzkkvkpssunkcsxqfe.jpg
Women dresses 39,women_dresses,https://res.cloudinary.com/dblkjtndz/image/upload/v1753688610/ecommerce/women_dresses/uacijuaubdpdqos04tvk.jpg
Women dresses 4,women_dresses,https://res.cloudinary.com/dblkjtndz/image/upload/v1753688612/ecommerce/women_dresses/dmrp9myhr0hhtk6k6l6w.jpg
Women dresses 40,women_dresses,https://res.cloudinary.com/dblkjtndz/image/upload/v1753688614/ecommerce/women_dresses/eqp2bdzq6yakvujaw1ha.jpg
Women dresses 41,women_dresses,https://res.cloudinary.com/dblkjtndz/image/upload/v1753688616/ecommerce/women_dresses/zmnhb9tns7qpifa2bskm.jpg
Women dresses 42,women_dresses,https://res.cloudinary.com/dblkjtndz/image/upload/v1753688618/ecommerce/women_dresses/dopnatxagpkhq7bm9whx.jpg
Women dresses 43,women_dresses,https://res.cloudinary.com/dblkjtndz/image/upload/v1753688620/ecommerce/women_dresses/lkhf5tj8umikvuqcqcgh.jpg
Women dresses 44,women_dresses,https://res.cloudinary.com/dblkjtndz/image/upload/v1753688622/ecommerce/women_dresses/lyyl5fkq3vcf6ctox5iv.jpg
Women dresses 45,women_dresses,https://res.cloudinary.com/dblkjtndz/image/upload/v1753688624/ecommerce/women_dresses/xfdkj7yzk03519j47gll.jpg
Women dresses 46,women_dresses,https://res.cloudinary.com/dblkjtndz/image/upload/v1753688626/ecommerce/women_dresses/pymiex5xq8nlb2kujjcb.jpg
Women dresses 47,women_dresses,https://res.cloudinary.com/dblkjtndz/image/upload/v1753688628/ecommerce/women_dresses/xarvwy6wcoctxidqjhkq.jpg
Women dresses 48,women_dresses,https://res.cloudinary.com/dblkjtndz/image/upload/v1753688630/ecommerce/women_dresses/cqanlfakpwwt1jwhuiem.jpg
Women dresses 5,women_dresses,https://res.cloudinary.com/dblkjtndz/image/upload/v1753688633/ecommerce/women_dresses/gdow1d9b9o0b85zooqoc.jpg
Women dresses 6,women_dresses,https://res.cloudinary.com/dblkjtndz/image/upload/v1753688635/ecommerce/women_dresses/hicawqnkn0ovikl79tat.jpg
Women dresses 7,women_dresses,https://res.cloudinary.com/dblkjtndz/image/upload/v1753688637/ecommerce/women_dresses/kptkf36gfrmzx3fi3cdy.jpg
Women dresses 8,women_dresses,https://res.cloudinary.com/dblkjtndz/image/upload/v1753688638/ecommerce/women_dresses/ab0a7bdqcll2eys95tvr.jpg
Women dresses 9,women_dresses,https://res.cloudinary.com/dblkjtndz/image/upload/v1753688640/ecommerce/women_dresses/a1xhsfgu5zbsw3wii9ni.jpg
